numer,Adres,Granice obwodu
1,"Kraków-Śródmieście, Stare Miasto ul. Wąska 5","DAJWÓR parzyste od 2 do 20, HALICKA (bez 21, 22, 23), MIODOWA nieparzyste od 49 do 51, PRZEMYSKA, RZESZOWSKA, STAROWIŚLNA nieparzyste od 77 do 99 i parzyste od 52 do 88, ŚWIĘTEGO WAWRZYŃCA nieparzyste od 39 do 41 i parzyste od 24 do 40"
2,"Kraków-Śródmieście, Stare Miasto ul.Wąska 5","BOCHEŃSKA, BONIFRATERSKA, GAZOWA, KRAKOWSKA parzyste od 42 do 52, MOSTOWA, PLAC WOLNICA, PODGÓRSKA od 11 do 16, ŚWIĘTEGO WAWRZYŃCA nieparzyste od 1 do 35, TRYNITARSKA (bez 11)"
3,"Kraków-Śródmieście, Stare Miasto ul. J. Dietla 53","BOŻEGO CIAŁA nieparzyste od 5 do 31 i parzyste od 6 do 26, ESTERY, IZAAKA, JAKUBA nieparzyste od 1 do 33, JÓZEFA nieparzyste od 1 do 21 i parzyste od 2 do 34, KRAKOWSKA parzyste od 12 do 40, KUPA, MEISELSA nieparzyste od 5 do 17 i parzyste od 12 do 24, MIODOWA nieparzyste od 1 do 31, NOWA, PLAC NOWY, WARSZAUERA"
4,"Kraków-Śródmieście, Stare Miasto ul. Miodowa 36","BARTOSZA, BRZOZOWA parzyste od 12 do 22, CIEMNA, DAJWÓR nieparzyste od 1 do 25, JAKUBA parzyste od 2 do 10, JOSELEWICZA nieparzyste od 1 do 23, JÓZEFA nieparzyste od 23 do 33 i parzyste od 36 do 46, LEWKOWA, MIODOWA nieparzyste od 33 do 47 i parzyste od 32 do 48, PLAC BAWÓŁ, STAROWIŚLNA nieparzyste od 47 do 75 i parzyste od 42 do 50, SZEROKA, ŚWIĘTEGO WAWRZYŃCA parzyste od 14 do 22, WĄSKA"
5,"Kraków-Śródmieście, Stare Miasto ul. Miodowa 36","DIETLA nieparzyste od 77 do 115, JOSELEWICZA parzyste od 10 do 30, ŚWIĘTEGO SEBASTIANA parzyste od 26 do 36, STAROWIŚLNA nieparzyste od 29 do 45 i parzyste od 26 do 40, WRZESIŃSKA"
6,"Kraków-Śródmieście, Stare Miasto ul. Podbrzezie 10","BOŻEGO CIAŁA od 1 do 4, BRZOZOWA nieparzyste od 1 do 17 i parzyste od 2 do 10, DIETLA nieparzyste od 43 do 75, JOSELEWICZA parzyste od 2 do 6, KRAKOWSKA 2, MIODOWA parzyste od 2 do 30, PODBRZEZIE, ŚWIĘTEGO SEBASTIANA nieparzyste od 25 do 33"
7,"Kraków-Śródmieście, Stare Miasto ul. Chmielowskiego 1","AUGUSTIAŃSKA nieparzyste od 7 do 21 i parzyste od 8 do 36, CHMIELOWSKIEGO, KRAKOWSKA nieparzyste od 9 do 41, 49, 51, MEISELSA 1, 3 i parzyste od 2 do 10, PIEKARSKA, RYBAKI, SKAŁECZNA, SKAWIŃSKA (bez 8), ŚWIĘTEJ KATARZYNY, WĘGŁOWA, WIETORA"
8,"Kraków-Śródmieście, Stare Miasto ul. Świętego Stanisława 12","AUGUSTIAŃSKA od 1 do 6, DIETLA nieparzyste od 1 do 41, KORDECKIEGO, KRAKOWSKA nieparzyste od 1 do 7 i parzyste od 4 do 10, ORZESZKOWEJ, PAULIŃSKA 3, 5 i parzyste od 2 do 32, ŚWIĘTEGO STANISŁAWA"
9,"Kraków-Śródmieście, Stare Miasto ul. Bernardyńska 7","BERNARDYŃSKA, DIETLA parzyste od 10 do 42, KOLETEK, SMOCZA, STRADOMSKA nieparzyste od 1 do 27, SUKIENNICZA, ŚWIĘTEJ AGNIESZKI"
10,"Kraków-Śródmieście, Stare Miasto ul. Bernardyńska 7","DOMINIKAŃSKA, FRANCISZKAŃSKA 2 i 4, GRODZKA nieparzyste od 19 do 65 i parzyste od 2 do 64, KANONICZA, PLAC BERNARDYŃSKI, PLAC DOMINIKAŃSKI, PLAC ŚWIĘTEJ MARII MAGDALENY, PLAC WSZYSTKICH ŚWIĘTYCH od 3 do 5, PODZAMCZE od 1 do 14 , POSELSKA, SENACKA, SIENNA nieparzyste od 1 do 21d, STOLARSKA, STRASZEWSKIEGO 1, 2, ŚWIĘTEJ GERTRUDY od 25 do 29, ZAMEK WAWEL"
11,"Kraków-Śródmieście, Stare Miasto ul. Dietla 70","BOGUSŁAWSKIEGO nieparzyste od 1 do 9, DIETLA parzyste od 44 do 68, SAREGO nieparzyste od 1 do 11, STRADOMSKA parzyste od 2 do 18, ŚWIĘTEGO SEBASTIANA nieparzyste od 1 do 23 i parzyste od 2 do 12, ŚWIĘTEJ GERTRUDY od 12 do 24"
12,"Kraków-Śródmieście, Stare Miasto ul. Dietla 70","BOGUSŁAWSKIEGO parzyste od 2 do 10, DIETLA parzyste od 70 do 76, SAREGO nieparzyste od 13 do 27 i parzyste od 2 do 28, STAROWIŚLNA nieparzyste od 1 do 27, ŚWIĘTEGO SEBASTIANA parzyste od 14 do 24, ŚWIĘTEJ GERTRUDY od 1 do 11"
13,"Kraków-Śródmieście, Stare Miasto ul. Wielopole 17 A","BONEROWSKA, DIETLA parzyste od 80 do 90, LIBROWSZCZYZNA, MORSZTYNOWSKA, STAROWIŚLNA parzyste od 2 do 22, WESTERPLATTE od 17 do 20, WIELOPOLE, ZYBLIKIEWICZA nieparzyste od 1 do 19"
14,"Kraków-Śródmieście, Stare Miasto ul. Radziwiłłowska 8","DOKTORA ZAMENHOFA , KOPERNIKA nieparzyste od 1 do 9 i parzyste od 2 do 16, LUBICZ nieparzyste od 1do 9, RADZIWIŁŁOWSKA, SKŁODOWSKIEJ-CURIE, WESTERPLATTE od 1 do 16, , ZYBLIKIEWICZA parzyste od 2 do 22"
15,"Kraków-Śródmieście, Stare Miasto ul. Świętego Marka 34","FLORIAŃSKA, MAŁY RYNEK, MIKOŁAJSKA, NA GRÓDKU, PIJARSKA nieparzyste od 19 do 23, PLAC MARIACKI, PLAC ŚWIĘTEGO DUCHA, SIENNA parzyste od 2 do 16, SZPITALNA, ŚWIĘTEGO KRZYŻA, ŚWIĘTEGO MARKA nieparzyste od 21 do 39 i parzyste od 20 do 34, 34A, ŚWIĘTEGO TOMASZA nieparzyste od 21 do 43 i parzyste od 18 do 34"
16,"Kraków-Śródmieście, Stare Miasto ul. Świętego Marka 34","BRACKA, FRANCISZKAŃSKA 1 i 3, GOŁĘBIA, GRODZKA nieparzyste od 1 do 17, JAGIELLOŃSKA, OLSZEWSKIEGO, PIJARSKA nieparzyste od 1 do 17 i parzyste od 2 do 10, PLAC SZCZEPAŃSKI, PLAC WSZYSTKICH ŚWIĘTYCH od 6 do 11, REFORMACKA, RYNEK GŁÓWNY, SŁAWKOWSKA, SZCZEPAŃSKA, SZEWSKA, ŚWIĘTEGO JANA, ŚWIĘTEGO MARKA od 4 do 19, ŚWIĘTEGO TOMASZA nieparzyste od 1 do 19 i parzyste od 2 do 16, ŚWIĘTEJ ANNY, WIŚLNA"
17,"Kraków-Śródmieście, Stare Miasto ul. Plac Na Groblach 9","PLAC NA GROBLACH, PODZAMCZE parzyste od 20 do 26, POWIŚLE nieparzyste od 1 do 9 i parzyste od 2 do 12, STRASZEWSKIEGO od 4 do 15, TARŁOWSKA, TENCZYŃSKA, ZWIERZYNIECKA parzyste od 2 do 34"
18,"Kraków-Śródmieście, Stare Miasto ul. Smoleńsk 5/7","ALEJA KRASIŃSKIEGO nieparzyste od 1 do 25, MARSZAŁKA PIŁSUDSKIEGO nieparzyste od 1 do 25 i parzyste od 4 do 40 , MORAWSKIEGO 2, 4, PLAC KOSSAKA od 1 do 16, RETORYKA nieparzyste od 1 do 23 i 4, 4 a , 4 b, 6, 6 a, SMOLEŃSK nieparzyste od 27 do 37 i parzyste od 14 do 26, WYGODA"
19,"Kraków-Śródmieście, Stare Miasto ul. Smoleńsk 5/7","BOŻEGO MIŁOSIERDZIA, FELICJANEK, MAŁA, RETORYKA parzyste od 10 do 26, SMOLEŃSK nieparzyste od 3 do 25 a i parzyste od 2 do 12, STRASZEWSKIEGO od 18 do 22, ZEGADŁOWICZA, ZWIERZYNIECKA nieparzyste od 5 do 29"
20,"Kraków-Śródmieście, Stare Miasto al. Mickiewicza 5 wejście od ul. Humberta 1","ALEJA MICKIEWICZA nieparzyste od 1 do 23, CYBULSKIEGO, CZARNOWIEJSKA parzyste od 4 do 8, CZYSTA, DOLNYCH MŁYNÓW parzyste od 6 do 10, GARNCARSKA nieparzyste od 1 do 23 (bez 11), HUMBERTA, KRUPNICZA nieparzyste od 23 do 37 i parzyste od 32 do 44, MARSZAŁKA PIŁSUDSKIEGO nieparzyste od 27 do 29, SKARBOWA (bez 1), WENECJA"
21,"Kraków-Śródmieście, Stare Miasto ul. Loretańska 16","CZAPSKICH, GARNCARSKA parzyste od 2 do 26, JABŁONOWSKICH, KAPUCYŃSKA, KRUPNICZA parzyste od 2 do 30, LORETAŃSKA, PLAC GENERAŁA SIKORSKIEGO, PODWALE, STRASZEWSKIEGO od 23 do 29, STUDENCKA"
22,"Kraków-Śródmieście, Stare Miasto ul. Szujskiego 2","ALEJA MICKIEWICZA nieparzyste od 25 do 37, CZARNOWIEJSKA nieparzyste od 1 do 25, 25 a, DOLNYCH MŁYNÓW nieparzyste od 3 do 11, KARMELICKA parzyste od 6 do 42, KOCHANOWSKIEGO nieparzyste od 1 do 7 i parzyste od 2 do 30, KRUPNICZA nieparzyste od 1 do 21, MICHAŁOWSKIEGO nieparzyste od 11 do 19 i parzyste od 2 do 18, RAJSKA, SZUJSKIEGO"
23,"Kraków-Śródmieście, Stare Miasto ul. Szujskiego 2","ALEJA MICKIEWICZA nieparzyste od 41 do 63, GRABOWSKIEGO, KARMELICKA parzyste od 44 do 70, KOCHANOWSKIEGO nieparzyste od 9 do 25, MICHAŁOWSKIEGO nieparzyste od 1 do 9, PAWLIKOWSKIEGO"
24,"Kraków-Śródmieście, Stare Miasto ul. Sobieskiego 9","ALEJA SŁOWACKIEGO nieparzyste od 1 do 13 a, b, c, d, FELDMANA, JANA SOBIESKIEGO, KARMELICKA nieparzyste od 53 do 57, KREMEROWSKA, LENARTOWICZA parzyste od 2 do 14 i nieparzyste od 1 do 13, ŁOBZOWSKA parzyste od 28 do 40, SIEMIRADZKIEGO ( bez nr 1)"
25,"Kraków-Śródmieście, Stare Miasto ul. Sobieskiego 9","ALEJA SŁOWACKIEGO nieparzyste od 15 do 25, KROWODERSKA parzyste od 46 do 74, ŁOBZOWSKA nieparzyste od 41 do 61, SPASOWSKIEGO, STASZICA, SZLAK nieparzyste od 1 do 13 i parzyste od 2 do 12, ŚWIĘTEJ TERESY"
26,"Kraków-Śródmieście, Stare Miasto ul. Garbarska 1","DUNAJEWSKIEGO, GARBARSKA, KARMELICKA nieparzyste od 1 do 51, ŁOBZOWSKA parzyste od 2 do 26, STEFANA BATOREGO"
27,"Kraków-Śródmieście, Stare Miasto ul. Krowoderska 17","ASNYKA, BASZTOWA od 1 do 10, BISKUPIA, DŁUGA parzyste od 2 do 38, FENN`A, KROWODERSKA nieparzyste od 1 do 33 (bez 7) i parzyste od 2 do 44, ŁOBZOWSKA nieparzyste od 3 do 39 a, 39 b, SŁOWIAŃSKA 2"
28,"Kraków-Śródmieście, Stare Miasto ul. Żuławskiego 9","ALEJA SŁOWACKIEGO nieparzyste od 27 do 45, DŁUGA parzyste od 70 do 88, KOLBERGA, KROWODERSKA nieparzyste od 61 do 79, SZLAK parzyste od 14 do 18, ŻUŁAWSKIEGO"
29,"Kraków-Śródmieście, Stare Miasto ul. Wróblewskiego 8","DŁUGA nieparzyste od 31 do 55 i parzyste od 40 do 64, KROWODERSKA nieparzyste od 35 do 59, PĘDZICHÓW parzyste od 2 do 22, SZLAK nieparzyste od 15 do 45"
30,"Kraków-Śródmieście, Stare Miasto ul. Wróblewskiego 8","DŁUGA 27, 29 i nieparzyste od 57 do 65, HELCLÓW (bez 2), KAMIENNA nieparzyste od 1 do 13, MONTELUPICH (bez 7), OGRODOWA, PĘDZICHÓW nieparzyste od 1 do 27 i parzyste od 24 do 28, SZLAK nieparzyste od 47 do 77 i parzyste od 20 do 42, 50, WARSZAWSKA, WRÓBLEWSKIEGO"
31,"Kraków-Śródmieście, Stare Miasto ul. Rynek Kleparski 18","BASZTOWA od 15, BOSACKA parzyste od 4 do 32 i 29, DŁUGA nieparzyste od 1 do 23, KRÓTKA, KRZYWA, KURNIKI, LUBICZ parzyste od 10 do 14 a, PADEREWSKIEGO, PAWIA, PLAC NOWAKA-JEZIORAŃSKIEGO, PLAC MATEJKI, RYNEK KLEPARSKI, ŚWIĘTEGO FILIPA, WORCELLA, ZACISZE"
32,"Kraków-Śródmieście, Stare Miasto ul. Wileńska 9","ALEJA 29 LISTOPADA nieparzyste od 1 do 39 i parzyste od 6 do 36, BĘDZIŃSKA, BISKUPA PRANDOTY, BOSACKA 13, 15, KAMIENNA 15, 16, 17, 19, 35, 45, KĄTOWA, LANGIEWICZA, MUROWANA, OTWINOWSKIEGO Nr 27, 29, RAKOWICKA parzyste od 18 do 30, 30 c, ROGATKA, TOWAROWA, WJAZD, ŻELAZNA"
33,"Kraków-Śródmieście, Grzegórzki ul. Wyrwińskiego 1","ALEJA PŁK. BELINY-PRAŻMOWSKIEGO nieparzyste od 53 do 71, BRODOWICZA parzyste od 16 a do 36, nieparzyste 13, 13 a, EISENBERGA, GARCZYŃSKIEGO, GENERAŁA BEMA, GENERAŁA SOWIŃSKIEGO, GROCHOWSKA nieparzyste, GRUNWALDZKA od 17, KSIĘDZA BISKUPA BANDURSKIEGO od 17, MONIUSZKI nieparzyste od 21 do 69 i parzyste od 20 do 48, OLSZAŃSKA nieparzyste od 9 do 31 i parzyste od 12 do 34, ORDONA, ORLĄT LWOWSKICH, SUPNIEWSKIEGO, WILKA WYRWIŃSKIEGO"
34,"Kraków-Śródmieście, Grzegórzki ul. Grunwaldzka 5","ALEJA PŁK. BELINY-PRAŻMOWSKIEGO nieparzyste od 1 do 7, GENERAŁA CHŁOPICKIEGO, GRUNWALDZKA od 1 do 10, KIELECKA od 1 do 18, MISIOŁKA, MOGILSKA parzyste od 22 do 102, RYMARSKA 5 i parzyste od 12 do 18, ZALESKIEGO"
35,"Kraków-Śródmieście, Grzegórzki ul. Kasprowicza 29","ALEJA PŁK. BELINY-PRAŻMOWSKIEGO nieparzyste od 9 do 51, BRODOWICZA nieparzyste od 1 do 11 i parzyste od 2 do 16, GRUNWALDZKA od 11 do 16, KASPROWICZA, KIELECKA od 19, KSIĘDZA BISKUPA BANDURSKIEGO od 1 do 16, MONIUSZKI od 1 do 19"
36,"Kraków-Śródmieście, Grzegórzki ul. Lubomirskiego 21","ALEJA PŁK. BELINY-PRAŻMOWSKIEGO parzyste od 2 do 70, ARIAŃSKA, BOROWICKIEJ, LUBICZ parzyste od 44 do 48, LUBOMIRSKIEGO 2 i od 19, MOGILSKA parzyste od 2 do 20, OLSZAŃSKA nieparzyste od 1 do 7a i parzyste od 2 do 10, RAKOWICKA nieparzyste od 27 do 43, 43A, TOPOLOWA nieparzyste od 25 do 35 i parzyste od 32 do 52"
37,"Kraków-Śródmieście, Grzegórzki ul. Topolowa 22","BOSACKA nieparzyste od 5 do 11, BOTANICZNA, KOPERNIKA nieparzyste od 13 do 31 i parzyste od 22 do 50 (bez 36), KURKOWA, LUBICZ nieparzyste od 13 do 29 i parzyste od 16 do 42, LUBOMIRSKIEGO nieparzyste od 1 do 15, RAKOWICKA od 1 do 25 (bez 18, 20, 22, 24), STRZELECKA, TOPOLOWA nieparzyste od 1 do 23i parzyste od 2 do 30, ZYGMUNTA AUGUSTA"
38,"Kraków-Śródmieście, Grzegórzki ul. Grochowska 20","BOLESŁAWA CHROBREGO od 1 do 23, DOMKI, GROCHOWSKA parzyste, IDZIKOWSKIEGO, JAWORSKIEGO, KSIĘDZA IGNACEGO JANA SKORUPKI, NA WIANKACH, NORWIDA, RAKOWICKA nieparzyste od 45 do 99, RUSAŁEK"
39,"Kraków-Śródmieście, Grzegórzki ul. Grochowska 20","BOLESŁAWA CHROBREGO od 24, BRATKOWA, CIEPLIŃSKIEGO, DROGA NAD BIAŁUCHĄ, DUKATÓW, FARMACEUTÓW, KĄT, KRYNICZNA, LESISTA, LOTNICZA nieparzyste od 1 do 13 i parzyste od 2 do 22, ŁUKASIEWICZA, NADBRZEŻNA, NARZYMSKIEGO nieparzyste od 1 do 23 i parzyste od 2 do 32, OLSZYNY, OTWINOWSKIEGO (bez Nr. 27, 29) STOKROTEK"
40,"Kraków-Śródmieście, Grzegórzki ul. Jachowicza 5","ALEJA POKOJU parzyste od 20 do 32, DĄBSKA, JACHOWICZA, KOSYNIERÓW, MOGILSKA 109, NIZINNA, ŚWITEZIANKI, ZWYCIĘSTWA"
41,"Kraków-Śródmieście, Grzegórzki ul. Jachowicza 5","ALEJA POKOJU 31 b, nieparzyste od 37 do 45, NA SZANIEC nieparzyste od 1 do 23, WIDOK parzyste od 2 do 12"
42,"Kraków-Śródmieście, Grzegórzki ul. Półkole 11","BAJECZNA, GRZEGÓRZECKA nieparzyste od 117 do 119 a, MIEDZIANA, NA SZANIEC parzyste od 2 do 14, OFIAR DĄBIA"
43,"Kraków-Śródmieście, Grzegórzki ul. Półkole 11","PÓŁKOLE, WIDOK nieparzyste od 5 do 41 i parzyste od 14 do 22 a"
44,"Kraków-Śródmieście, Grzegórzki ul. Pułkownika Nullo 23","ALEJA POKOJU nieparzyste od 1 do 23, 27 a, b i 29, 29 a, 29 b, BOBROWSKIEGO, PUŁKOWNIKA NULLO nieparzyste od 3 do 7 i parzyste od 4 do 6, 8 A,"
45,"Kraków-Śródmieście, Grzegórzki ul. Pułkownika Nullo 23","ALEJA POKOJU parzyste od 10 do 12, PUŁKOWNIKA NULLO nieparzyste od 13 do 23 i parzyste od 10 do 20"
46,"Kraków-Śródmieście, Grzegórzki ul. Pułkownika Nullo 23","ALEJA POKOJU parzyste od 14 do 18, CYSTERSÓW, FABRYCZNA nieparzyste od 15 do 25 i parzyste od 8 do 20 a, MOGILSKA nieparzyste od 11 do 81, MOSIĘŻNICZA, PRZY RONDZIE 7, 53, 55"
47,"Kraków-Śródmieście, Grzegórzki ul. Sądowa 4","FABRYCZNA nieparzyste od 1 do 3 parzyste od 2 do 6, GRZEGÓRZECKA parzyste od 72 do 104 i nieparzyste od 67 do 101, ROGOZIŃSKIEGO, SKRZATÓW, ŻÓŁTEJ CIŻEMKI"
48,"Kraków-Śródmieście, Grzegórzki ul. Sądowa 4","ALEJA POKOJU parzyste od 2 do 8, ALEJA POWSTANIA WARSZAWSKIEGO parzyste, KORDYLEWSKIEGO, PROFESORA SZAFERA, PRZY RONDZIE 2, SĄDOWA 4 i nieparzyste od 1 do 9"
49,"Kraków-Śródmieście, Grzegórzki ul. Grzegórzecka 24","ALEJA POWSTANIA WARSZAWSKIEGO nieparzyste, BLICH, BUJWIDA, GENERAŁA DWERNICKIEGO, GRZEGÓRZECKA parzyste od 4 do 40, HETMANA ŻÓŁKIEWSKIEGO, KOŁŁĄTAJA (bez 7), SOŁTYKA, ŚNIADECKICH, ŚWIĘTEGO ŁAZARZA"
50,"Kraków-Śródmieście, Grzegórzki ul. Grzegórzecka 24","ALEJA DASZYŃSKIEGO parzyste od 12 do 32, CHODKIEWICZA, GRZEGÓRZECKA nieparzyste od 7 do 51, MASARSKA 3, 6, 6a, 7, 8, POLA, PROCHOWA, RZEŹNICZA nieparzyste od 1 do 35"
51,"Kraków-Śródmieście, Grzegórzki ul. Rzeźnicza 4","GĘSIA, KOTLARSKA, MASARSKA 9, 14, 16, RZEŹNICZA parzyste od 2 do 20, SEMPERITOWCÓW"
52,"Kraków-Śródmieście, Grzegórzki ul. Księdza Blachnickiego 1","ALEJA DASZYŃSKIEGO nieparzyste od 7 do 29, HALICKA 21, 22, 23, KSIĘDZA BLACHNICKIEGO, KSIĘDZA GURGACZA, METALOWCÓW, MIODOWA 53, 55, 55 a, PODGÓRSKA 28, SIEDLECKIEGO, WIŚLISKO"
53,"Kraków-Śródmieście, Prądnik Czerwony ul. Duchacka 3","ALEJA 29 LISTOPADA nieparzyste od 71 do 93, CELAROWSKA nieparzyste, DUCHACKA, FERTNERA, GENERAŁA PRĄDZYŃSKIEGO nieparzyste, SADOWA, WIŚNIOWA"
54,"Kraków-Śródmieście, Prądnik Czerwony ul. Wileńska 9","ALEJA 29 LISTOPADA nieparzyste od 41 do 69 i parzyste od 38 do 86 (bez Nr 70), GENERAŁA PRĄDZYŃSKIEGO parzyste, KLEMENSIEWICZA, WILEŃSKA, ZAUŁEK WILEŃSKI"
55,"Kraków-Śródmieście, Prądnik Czerwony ul. Wileńska 9","ALEJA 29 LISTOPADA 70, CELAROWSKA parzyste, CZERWONA, ŻMUJDZKA parzyste od 2 do 16 a i nieparzyste od 1 do 23, ŻYTNIA"
56,"Kraków-Śródmieście, Prądnik Czerwony ul. Wileńska 9","BŁĘKITNA, BROGI nieparzyste, CZERWONEGO PRĄDNIKA, GDAŃSKA, NADRZECZNA, POGODNA, RADOMSKA, TRĘBACZA, ŻUŁOWSKA"
57,"Kraków-Śródmieście, Prądnik Czerwony ul. Dobrego Pasterza 6","ALEJA 29 LISTOPADA nieparzyste od 95 do 145 i parzyste od 88 do 154, CHLEBOWA, DOBREGO PASTERZA 4, 6, 8, 12, 15, 15A, 16, 19, 20, 21A, 24, 25A, 26, 28, 29, 30, 30A, 31, 31A, 31B, 32, 34, 36, 36C, 37, 37A, 37B, 39, 40, JEZUITÓW, NA BARCIACH, NAD STRUGĄ 7a, 17, POCIESZKA, POWSTAŃCÓW 26, RYBIANKA, SZKLANA, ŚWIĘTEGO ANDRZEJA BOBOLI,"
58,"Kraków-Śródmieście, Prądnik Czerwony ul. Dobrego Pasterza 6","BIAŁYCH BRZÓZ, CIOŁKOWSKIEGO, COMBROWA, DOBREGO PASTERZA 41, 43, 44A, 48, 49, 51, 51A, 53, 55, 56, 62, 64, 66, 68, 74, 87, 93, 95, 99, 99A, 99B, 99C, 99D, 99E, 101, DOMINIKANÓW, JASNORZEWSKIEJ, LUBLAŃSKA 11a, 15, KACZARY 9, NABIELAKA, OSTROROGA, REZEDOWA, ROKITNIAŃSKA, WORONICZA"
59,"Kraków-Śródmieście, Prądnik Czerwony ul. Sudolska 3","ŁEPKOWSKIEGO, MAJORA NUSZKIEWICZA"
60,"Kraków-Śródmieście, Prądnik Czerwony ul. Sudolska 3",MAJORA
61,"Kraków-Śródmieście, Prądnik Czerwony ul. Kazimierza Odnowiciela 2","BITSCHANA, BOZNAŃSKIEJ, DZIEDZICA, KAZIMIERZA ODNOWICIELA, OLSZECKA, PROMIENISTYCH"
62,"Kraków-Śródmieście, Prądnik Czerwony ul. Kazimierza Odnowiciela 2","DOBREGO PASTERZA parzyste od 102 do 110, 112, 112 a, 114, 114 a, i nieparzyste od 105 do 123, ŁUSZCZKIEWICZA, NACZELNA, SUDOLSKA"
63,"Kraków-Śródmieście, Prądnik Czerwony ul. Strzelców 5a","LILIOWA, POWSTAŃCÓW nieparzyste od 1 do 115 A i parzyste 14, 20, 22, 36, 38, 40, 42, 44, 46, 52, 52A, STRZELCÓW 15 a, 15 b, 17 a"
64,"Kraków-Śródmieście, Prądnik Czerwony ul. Strzelców 5a","STRZELCÓW 4A, 5A, 6A, 7, 7A, 7B, 9B, 7C, 9, 9A, 11, 11A"
65,"Kraków-Śródmieście, Prądnik Czerwony ul. Strzelców 5a","REDUTA 5, 6, 9, 9A, 11, 11A, STRZELCÓW 14, 17, 18, 19, 19A, 21, 23"
66,"Kraków-Śródmieście, Prądnik Czerwony ul. Strzelców 5a",POWSTAŃCÓW parzyste od 30 do 34 a
67,"Kraków-Śródmieście, Prądnik Czerwony ul. Strzelców 5a","ANTYCZNA, BACHLEDY, KWARTOWA, MARCHOŁTA, PANA COGITO, REDUTA 25, 31, ROZRYWKA (bez nr 20), SABAŁY"
68,"Kraków-Śródmieście, Prądnik Czerwony ul. Strzelców 5a","ALEJA GENERAŁA BORA KOMOROWSKIEGO Nr 9, 9 a, 15, 15 a, b, 17, 23, 33, ALINY, BALLADYNY, BRZECHWY, DOBREGO PASTERZA parzyste od 118 do 122 i nieparzyste od 125, HARNASIÓW, JANOSIKA, KRZESŁAWICKA (bez 2 a, 2 b), LIRYCZNA, NIKIFORA, ROZRYWKA 20, SŁONECKIEGO"
69,"Kraków-Śródmieście, Prądnik Czerwony ul. Sadzawki 1","AKACJOWA 10, 12, CIEŚLEWSKIEGO nieparzyste"
70,"Kraków-Śródmieście, Prądnik Czerwony ul. Sadzawki 1","DZIELSKIEGO, MŁYŃSKA BOCZNA nieparzyste, XX. PIJARÓW"
71,"Kraków-Śródmieście, Prądnik Czerwony ul. Sadzawki 1","AKACJOWA (bez 10, 12), CIEŚLEWSKIEGO parzyste, PILOTÓW nieparzyste od 53 do 97 i parzyste od 20a do 68, PSZONA, UŁANÓW nieparzyste od 33 do 63 i parzyste od 52 do 80, WYSOKA"
72,"Kraków-Śródmieście, Prądnik Czerwony ul. Młyńska Boczna 4","MŁYŃSKA BOCZNA 4, MŁYŃSKA parzyste od 2 do 14, SADZAWKI"
73,"Kraków-Śródmieście, Prądnik Czerwony ul. Stanisława ze Skalbmierza 7","BROGI parzyste, DOBRA, JAŚMINOWA, KANONIERÓW, MIESZKA I, PARTYZANTÓW, PIĘKNA, PILOTÓW 2, 2a, 2b, 2c, 2d, 4, PTASIA, SAPERÓW, SOKOŁOWSKIEGO, SZWOLEŻERÓW"
74,"Kraków-Śródmieście, Prądnik Czerwony ul. Stanisława ze Skalbmierza 7","BOHATERÓW WIETNAMU, MIECHOWITY parzyste od 8 do 10 i 18, MŁYŃSKA 5, 7, 7a, 9, PILOTÓW parzyste od 6 do 20, STANISŁAWA ZE SKALBMIERZA"
75,"Kraków-Śródmieście, Prądnik Czerwony ul. Stanisława ze Skalbmierza 7","BOSAKÓW, CZEREŚNIOWA, LUBLAŃSKA parzyste od 6 do 20, MALAWSKIEGO, MIECHOWITY od 1 do 6, OLSZTYŃSKA, ŚRODKOWA, TURKUSOWA, WIENIAWSKIEGO"
76,"Kraków-Śródmieście, Prądnik Czerwony ul. Stanisława ze Skalbmierza 7","LUBLAŃSKA parzyste od 22 do 30, MIECHOWITY nieparzyste od 7 do 21, MŁYŃSKA 11"
77,"Kraków-Śródmieście, Prądnik Czerwony ul. Pilotów 51","BAJANA, CHAŁUPNIKA, KAJTY, KRZYWOŃ, MAJOWA, MEISSNERA od 1 do 15, 20, NIEZNANA, PILOTÓW nieparzyste od 1 do 51, PODMIEJSKA, RACIBORSKIEGO, ROZMARYNOWA, STARTOWA, SWOJSKA, WIDNA, WIEJSKA, ŻWIRKI i WIGURY"
78,"Kraków-Śródmieście, Prądnik Czerwony ul. Seniorów Lotnictwa 5","FIOŁKOWA, SENIORÓW LOTNICTWA, SPADOCHRONIARZY, UGOREK parzyste od 2 do 4, UŁANÓW nieparzyste od 17 do 31 i parzyste od 46 do 48"
79,"Kraków-Śródmieście, Prądnik Czerwony ul. Seniorów Lotnictwa 5",UGOREK parzyste od 6 do 20
80,"Kraków-Śródmieście, Prądnik Czerwony ul. Ułanów 3","UGOREK nieparzyste od 1 do 3, UŁANÓW nieparzyste od 7 do 15 i parzyste od 16 do 42, WŁODKOWICA nieparzyste od 1 do 7"
81,"Kraków-Śródmieście, Prądnik Czerwony ul. Ułanów 3","JANICKIEGO, ŁĄKOWA, MEISSNERA nieparzyste od 17 do 35, NIEDUŻA, UŁANÓW nieparzyste od 1 do 5a i parzyste od 2 do 14, WŁODKOWICA parzyste od 2 do 8"
82,"Kraków-Śródmieście, Prądnik Czerwony ul. Łąkowa 31","KANTORA, MEISSNERA 32, ŚLICZNA"
83,"Kraków-Śródmieście, Prądnik Czerwony ul. Łąkowa 31","ALEJA JANA PAWŁA II 11, 13, 19A i parzyste od 2 do 68, CZYŻYŃSKA (bez 21, 21A), ŁADNA, MEISSNERA parzyste od 34 do 48, MOGILSKA nieparzyste od 101 (bez 109) i parzyste od 114, OGRODNICZA, OSTATNIA, SZENWALDA, SZKÓŁKOWA"
84,"Kraków-Krowodrza, Prądnik Biały ul. Stawowa 179","BUDRYSÓW, DZIEWANNY, MARGARETEK, NA POLACH, NA WYRĘBĘ, NAWOJOWSKA, OJCOWSKA, OKRĘŻNA, PASTERNIK parzyste, PEJZAŻOWA, STAREGO DĘBU, STAWOWA nieparzyste od 189 i parzyste od 180, SZAROTKI, ZABORSKA"
85,"Kraków-Krowodrza, Prądnik Biały ul. Stawowa 179","BISKUPA GAWLINY, CHEŁMOŃSKIEGO od 70A, CHMURNA, DZIELNA, GENERAŁA KIWERSKIEGO, GENERAŁA KUKIELA, GENERAŁA OLSZYNY-WILCZYŃSKIEGO, GENERAŁA PEŁCZYŃSKIEGO, HOŻA, JASNOGÓRSKA, KACZMARCZYKA, KALENKIEWICZA, KASZNICY, LAZUROWA, PIASKOWA, PROFESORA MIĘSOWICZA, RADZIKOWSKIEGO parzyste od 150, SŁOTNA, SMĘTNA, SOSNOWIECKA, STAWOWA nieparzyste od 55 do 181 i parzyste od 18 do 178, STELMACHÓW od 34, ŚMIAŁA, TUMANOWICZA, WALECZNA"
86,"Kraków-Krowodrza, Prądnik Biały ul. Chełmońskiego 24","BERWIŃSKIEGO, MEHOFFERA nieparzyste od 3 do 11 i parzyste od 2 do 6, MODRZEJEWSKIEJ nieparzyste od 1 do 21 i parzyste od 2 do 14a, STACHIEWICZA nieparzyste od 35 do 41 i parzyste od 26 do 52, WIELKOTYRNOWSKA nieparzyste od 1 do 37 i parzyste od 2 do 24 (bez 16 i 16a), 28"
87,"Kraków-Krowodrza, Prądnik Biały ul. Chełmońdskiego 24","CHEŁMOŃSKIEGO od 1 do 41, CHEŁMOŃSKIEGO-DEPTAK, EHRENBERGA, ELSNERA parzyste od 20 do 24, MURARSKA, NAŁKOWSKIEGO, NISKA, RADZIKOWSKIEGO parzyste od 10 do 30, STACHIEWICZA parzyste od 6 do 24, STANISŁAWSKIEGO, WODZINOWSKIEGO, WYSOCKIEGO"
88,"Kraków-Krowodrza, Prądnik Biały ul. Chełmońskiego 24","ELSNERA nieparzyste od 7 do 21, GDYŃSKA, MAKOWSKIEGO 20, 22, MEHOFFERA od 12, RÓŻYCKIEGO, WEISSA parzyste od 14 do 20"
89,"Kraków-Krowodrza, Prądnik Biały ul. Radzikowskiego 29","ELSNERA 1, 3, parzyste od 4 do 18, GNIEŹNIEŃSKA nieparzyste od 1a do 33 i parzyste od 2 do 18, JAREMY nieparzyste od 1 do 19a, LENTZA, RADZIKOWSKIEGO nieparzyste od 3 do 15 i parzyste od 34 do 62, WEISSA 4, 8, ZYGMUNTOWSKA od 2 do 23 (bez 22)"
90,"Kraków-Krowodrza, Prądnik Biały ul. Czerwieńskiego 1","PODKOWIŃSKIEGO, RADZIKOWSKIEGO nieparzyste od 61 do 81 i parzyste od 114 do 138"
91,"Kraków-Krowodrza, Prądnik Biały ul. Czerwieńskiego 1",RADZIKOWSKIEGO nieparzyste od 17 do 51 i parzyste od 70 do 106D
92,"Kraków-Krowodrza, Prądnik Biały ul. Czerwieńskiego 1","GNIEŹNIEŃSKA parzyste od 18b do 26, JAREMY 12, 14, 14a, 14b, PUŻAKA 27, 29, ZYGMUNTOWSKA nieparzyste od 25 i parzyste od 22"
93,"Kraków-Krowodrza, Prądnik Biały ul. Czerwieńskiego 1","PUŻAKA nieparzyste od 3 do 25 i parzyste od 2 do 8, RADZIKOWSKIEGO 66"
94,"Kraków-Krowodrza, Prądnik Biały ul. Czerwieńskiego 1","CONRADA, CZERWIEŃSKIEGO, FISZERA, JAREMY nieparzyste od 21 do 25 i 41b, SŁOWICZA, WILCZA"
95,"Kraków-Krowodrza, Prądnik Biały ul. Stachiewicza 33","POD FORTEM, RACŁAWICKA 57, 92, STACHIEWICZA nieparzyste od 7 do 33, STYKI, WŁADYSŁAWA ŁOKIETKA 39 i 60, WYBICKIEGO 7, 17 i od 30 do 52"
96,"Kraków-Krowodrza, Prądnik Biały ul. Stachiewicza 33",PALACHA
97,"Kraków-Krowodrza, Prądnik Biały ul. Stachiewicza 33","MAKOWSKIEGO 1, 5, 8, 18, 60, MODRZEJEWSKIEJ parzyste od 16, STACHIEWICZA 45, 47, 58, 60, WIELKOTYRNOWSKA 16, 16a, 39"
98,"Kraków-Krowodrza, Prądnik Biały ul. Siemaszki 17d","KSIĘDZA SIEMASZKI nieparzyste od 13a do 33 (bez 17c) i parzyste od 4 do 34, PIELĘGNIAREK"
99,"Kraków-Krowodrza, Prądnik Biały ul. Zdrowa 6","BRATYSŁAWSKA, DOKTORA TWARDEGO, KSIĘDZA SIEMASZKI nieparzyste od 37 do 43a i parzyste od 38 do 64, LEKARSKA, PRĄDNICKA nieparzyste od 41 do 89 i parzyste od 46 do 76"
100,"Kraków-Krowodrza, Prądnik Biały ul. Zdrowa 6","BIAŁA, GENERAŁA FIELDORFA-NILA, KORCZAKA, PRĄDNICKA nieparzyste od 95 do 125 i parzyste od 78 do 80a (bez 80), ZDROWA"
101,"Kraków-Krowodrza, Prądnik Biały ul. Zdrowa 6","JARACZA, KONECZNEGO, REJA (bez 9), SOLSKIEGO"
102,"Kraków-Krowodrza, Prądnik Biały ul. Zdrowa 6","BOBRZECKIEJ, FRYCZA-MODRZEWSKIEGO, REJA 9, ŻABINIEC, ŻMUJDZKA nieparzyste od 25 do 45, 49 i parzyste od 18 do 32"
103,"Kraków-Krowodrza, Prądnik Biały ul. Mackiewicza 15","SIEWNA 21, 21A, 21B, 21C, 21D, ZAWODZIE"
104,"Kraków-Krowodrza, Prądnik Biały ul. Mackiewicza 15","BOCIANA, JABŁONNA, KRĘTA, NAD STRUGĄ 9, OSIEDLE MOZARTA, POLNA, SIEWNA parzyste od 2 do 32A"
105,"Kraków-Krowodrza, Prądnik Biały ul. Mackiewicza 15","GÓRNICKIEGO nieparzyste od 9 do 35 i parzyste od 8 do 26, HERWINA-PIĄTKA, LECHONIA, PACHOŃSKIEGO 28, 30, 32, 32a, 32b, 34, 69, ROKOSZA"
106,"Kraków-Krowodrza, Prądnik Biały ul. Mackiewicza 15","MACKIEWICZA od 13, SIEWNA 23, 23A, 23B"
107,"Kraków-Krowodrza, Prądnik Biały ul. Mackiewicza 15","BAŁTYCKA, IMBRAMOWSKA, JAZOWA, MACKIEWICZA od 1 do 12, NARUTOWICZA, PAPIERNICZA"
108,"Kraków-Krowodrza, Prądnik Biały ul. Mackiewicza 15","BURSZTYNOWA, GRAŻYNY, KOŁACZY, LEGNICKA, LITAWORA, SYRENY, SZAFIROWA, TURYSTYCZNA, ZGODY"
109,"Kraków-Krowodrza, Prądnik Biały ul. Pigonia 2","BIAŁOPRĄDNICKA, BULARNIA, GÓRNICKIEGO 2, 3, 6, KLUZEKA (bez 6), NAD SUDOŁEM od 31 do 75 i 98, PLESZOWSKA, PROSZOWICKA, SZOPKARZY"
110,"Kraków-Krowodrza, Prądnik Biały ul. Pigonia 2","GLOGERA, JARZYNOWA, JASNA, KOSMONAUTÓW, MALINOWA, MATKI TAJBER, MĄCZNA, PASTEURA, PIASZCZYSTA, PIGONIA, RYBAŁTOWSKA, ZAREMBY, ZIELIŃSKA, ZIMOROWICZA, ŻWIROWA"
111,"Kraków-Krowodrza, Prądnik Biały ul. Danka 1","DANKA, GROCHOWIAKA, NAD SUDOŁEM od 12 do 30, PACHOŃSKIEGO parzyste od 8 do 18"
112,"Kraków-Krowodrza, Prądnik Biały ul. Batalionu ""/Skała""/ AK 12","BLISKA, BUKIETOWA, JORDANOWSKA, NA CHAŁUPKACH, NAD SUDOŁEM 6, 8, 10, NAWIGACYJNA, OWSIANA, PACHOŃSKIEGO od 2 do 6a, PĘKOWICKA (bez 77 i 204), PÓŁNOCNA, SKRAJNA, STELMACHÓW parzyste od 18 do 24, TOMKOWICZA, VETULANIEGO, WEWNĘTRZNA, WŁADYSŁAWA ŁOKIETKA od 83 do 124, WYKI"
113,"Kraków-Krowodrza, Prądnik Biały ul. Batalionu ""/Skała""/ AK 12","KROWODERSKICH ZUCHÓW 12, 14, 16, 18, 20, OPOLSKA"
114,"Kraków-Krowodrza, Prądnik Biały ul. Batalionu ""/Skała""/ AK 12","BATALIONU ""/SKAŁA""/ AK, KROWODERSKICH ZUCHÓW 23, 24, 25, 26, 28"
115,"Kraków-Krowodrza, Prądnik Biały ul. Kluczborska 3","KLUCZBORSKA, KROWODERSKICH ZUCHÓW 4, 11, 13, 15, 15a, 15c, 17, 19"
116,"Kraków-Krowodrza, Prądnik Biały ul. Kluczborska 3","KROWODERSKICH ZUCHÓW 3, 3a, 5, 7, 9, WYBICKIEGO 2"
117,"Kraków-Krowodrza, Prądnik Biały ul. Kluczborska 3","RUSZNIKARSKA nieparzyste od 1 do 11, WŁADYSŁAWA ŁOKIETKA nieparzyste od 47 do 59, WYBICKIEGO 14, 16"
118,"Kraków-Krowodrza, Prądnik Biały ul. Kluczborska 3","RUSZNIKARSKA nieparzyste od 13 do 21 i parzyste od 6 do 20, RUSZNIKARSKA-DEPTAK, WYBICKIEGO 1, 1b, 3, 3a, 5, 8, 10"
119,"Kraków-Krowodrza, Prądnik Biały ul. Kaczorówka 4","AZALIOWA, CHABROWA, FRYCZA, GAIK, GENERAŁA PASZKOWSKIEGO, GOSPODARSKA, GRYCZANA, JĘCZMIENNA, JURAJSKA, KACZORÓWKA, KONOPNA, LNIANA, MACIEJKOWA, MIĘTOWA, NA BUDZYNIU, NA MOSTKACH, NA ZIELONKI, ORLICH GNIAZD, PĘKOWICKA 77 i 204, POTOCZEK, POZIOMKOWA, SKOTNICA, WALISZEWSKIEGO, WŁADYSŁAWA ŁOKIETKA od 126, ZEFIROWA"
120,"Kraków-Krowodrza, Prądnik Biały ul. Porzeczkowa 3","ARSENAŁ, BELWEDERCZYKÓW, BIBICKA, DOŻYNKOWA, DRÓŻNICKA, GŁOGOWA, GÓRKA NARODOWA, GÓRNICKIEGO nieparzyste od 37 i parzyste od 28, KOŁO BIAŁUCHY, KORALOWA, NOWA GÓRKA, OKULISTÓW, OSIEDLE WITKOWICE NOWE, PORZECZKOWA, RYSIEWICZA, SIEWNA parzyste od 52, 25 i 25a, STEFANOWICZA, SUCHE ŁĄKI, TUROWIEC, URODZAJNA, WĄDÓŁ, WITKOWICKA, ZIELONE WZGÓRZE"
121,"Kraków-Krowodrza, Prądnik Biały ul. Porzeczkowa 3","KUŹNICY KOŁŁĄTAJOWSKIEJ nieparzyste 13C, 13D i od 17 oraz parzyste od 18, NATANSONA, SŁOMCZYŃSKIEGO"
122,"Kraków-Krowodrza, Prądnik Biały al. 29 Listopada 102",KUŹNICY KOŁŁĄTAJOWSKIEJ od 1 do 13B i od 14 do 16D
123,Kraków-Krowodrza al. 29 Listopada 102,"ALEJA 29 LISTOPADA nieparzyste od 153 i parzyste od 162, BANACHA, MARCZYŃSKIEGO, POTOCKIEGO"
124,Kraków-Krowodrza ul. Arcybiskupa Felińskiego 35,"ARCYBISKUPA FELIŃSKIEGO, GRABCZAKA, KSIĘDZA MEIERA"
125,Kraków-Krowodrza ul. Skarbińskiego 5,"BUSZKA, BYDGOSKA, GRAMATYKA, LEA parzyste od 46 do 100, MISJONARSKA, NAWOJKI 4 i od 6 do 8 oraz 23, 25, PIASTOWSKA nieparzyste od 47 do 51, ROLNICZA, SKARBIŃSKIEGO"
126,Kraków-Krowodrza ul. Skarbińskiego 5,"ARMII KRAJOWEJ nieparzyste od 5 do 53, BAKAŁARZY, BRĄZOWNICZA, BUDRYKA, HAMERNIA 1, KAWIORY, KONWISARZY, MIECHOWSKA, MYDLNICKA (bez 12, 20), NAWOJKI 9, ODLEWNICZA (bez 1, 3), PIASTOWSKA 22, 26, 26a, PYJASA, REYMONTA nieparzyste od 21, ROSTAFIŃSKIEGO, SPIŻOWA, TOKARSKIEGO, TORUŃSKA"
127,Kraków-Krowodrza ul. Skarbińskiego 5,"CHMIELA, LEA nieparzyste od 93 do 121, OBOPÓLNA, PIASTOWSKA nieparzyste od 53 do 57, SMOLUCHOWSKIEGO, WARMIJSKA"
128,Kraków-Krowodrza ul. Skarbińskiego 5,"KRONIKARZA GALLA nieparzyste od 15 do 23, KRÓLEWSKA parzyste od 90 do 94, LEA nieparzyste od 75 do 81, STAFFA"
129,Kraków-Krowodrza ul. Reymonta 22,"AKADEMICKA, ALEJA 3 MAJA, ALEJA MICKIEWICZA parzyste, BENIOWSKIEGO, CHODOWIECKIEGO, CICHY KĄCIK, CZARNOWIEJSKA parzyste od 18 do 84, DOMEYKI, GOETLA, IGRCÓW, INGARDENA, KADRÓWKI, OLEANDRY, OLIMPIJSKA, PIASTOWSKA nieparzyste od 19 do 39a, RADWAŃSKIEGO, REYMANA, REYMONTA nieparzyste od 1 do 19a i parzyste od 4 do 44, TKACKA"
130,Kraków-Krowodrza al. Kijowska 3,"ALEJA KIJOWSKA 3, 8, 10, CHOCIMSKA nieparzyste od 1 do 31 i parzyste od 4 do 32, CZARNOWIEJSKA nieparzyste od 73 do 103, LEA parzyste od 20 do 36a, OGRODNICZEK, PLAC NOWOWIEJSKI, SPOKOJNA, URZĘDNICZA parzyste od 2 do 30, ZA TARGIEM"
131,Kraków-Krowodrza al. Kijowska 8,"ALEJA KIJOWSKA nieparzyste od 9 do 13 i parzyste od 12 do 16, CHOCIMSKA nieparzyste od 33 do 39 i parzyste 38, 40, KRONIKARZA GALLA parzyste od 18 do 24, KRÓLEWSKA parzyste od 56 do 88, LEA nieparzyste od 21a do 55, NOWOWIEJSKA nieparzyste od 29 do 37 i parzyste od 20 do 32, URZĘDNICZA parzyste od 34 do 48"
132,Kraków-Krowodrza ul. Zakątek 2,"ALEJA KIJOWSKA parzyste od 30 do 34, BYTOMSKA, KADECKA 1, 4, 6, 8, 10, KAZIMIERZA WIELKIEGO nieparzyste od 67 do 97 i parzyste od 108 do 144, KRONIKARZA GALLA nieparzyste od 1b do 11, KRÓLEWSKA nieparzyste od 61 do 69, RACŁAWICKA parzyste od 2 do 32a, ZAKĄTEK od 1 do 3"
133,Kraków-Krowodrza ul. Zakątek 2,"CZYŻEWSKIEGO, KAZIMIERZA WIELKIEGO nieparzyste od 103, PODCHORĄŻYCH 1, PRZESKOK, SIEMIEŃSKIEGO, ZAKĄTEK od 4 do 9, 11, 12, 13"
134,Kraków-Krowodrza ul. Zakątek 2,"ALEJA KIJOWSKA 22, 24, KAZIMIERZA WIELKIEGO parzyste od 58 do 104, KRONIKARZA GALLA parzyste od 2 do 12, KRÓLEWSKA nieparzyste od 45 do 59, NOWOWIEJSKA od 1 do 16, URZĘDNICZA parzyste od 52a do 64"
135,Kraków-Krowodrza ul. Urzędnicza 65,"ALEJA GROTTGERA parzyste od 2 do 66, BERENTA, BIERNACKIEGO, KAZIMIERZA WIELKIEGO nieparzyste od 1 do 61, KOŚCIELNA, KUJAWSKA, ŁOBZOWSKA 67, PLAC AXENTOWICZA 3, 5, 7, RACŁAWICKA nieparzyste od 1 do 21, SIENKIEWICZA od 18 do 27, URZĘDNICZA 65, 68, 68a, WYSPIAŃSKIEGO, ZBROJÓW"
136,Kraków-Krowodrza ul. Urzędnicza 65,"JÓZEFITÓW od 1 do 12, KAZIMIERZA WIELKIEGO parzyste od 2 do 54a, KRÓLEWSKA nieparzyste od 1 do 43, POMORSKA parzyste od 2 do 10, URZĘDNICZA nieparzyste od 49 do 59"
137,Kraków-Krowodrza ul. Sienkiewicza 4,"ALEJA SŁOWACKIEGO parzyste od 2 do 18a, LENARTOWICZA od 16 do 23, ŁOBZOWSKA parzyste od 46 do 52, PLAC AXENTOWICZA 4, 6, PLAC INWALIDÓW 6, 7, 8, POMORSKA nieparzyste od 1 do 9, SIENKIEWICZA od 1 do 15"
138,Kraków-Krowodrza ul. Czapińskiego 5,"CHOPINA nieparzyste od 17 do 33 i parzyste od 20 do 38, CZAPIŃSKIEGO, CZARNOWIEJSKA nieparzyste od 55 do 63, KONARSKIEGO parzyste od 2 do 34, LEA parzyste od 12b do 18, URZĘDNICZA nieparzyste od 1 do 29"
139,Kraków-Krowodrza ul. Czapińskiego 5,"JÓZEFITÓW od 14 do 21, KONARSKIEGO od 39 do 54, KRÓLEWSKA parzyste od 2 do 54, LEA nieparzyste od 5 do 19a, PLAC INWALIDÓW 3, 4, URZĘDNICZA nieparzyste od 35 do 47"
140,Kraków-Krowodrza ul. Konarskiego 2,"CHOPINA nieparzyste od 1 do 13 i parzyste od 4 do 18, CZARNOWIEJSKA nieparzyste od 41 do 51, KARŁOWICZA, KONARSKIEGO nieparzyste od 1 do 37, LEA parzyste od 4 do 12a, SYMFONICZNA, SZYMANOWSKIEGO"
141,Kraków-Krowodrza ul. Lubelska 27,"ALEJA SŁOWACKIEGO parzyste od 38 do 66, CIESZYŃSKA, LUBELSKA, MAZOWIECKA nieparzyste od 1 do 21, PRĄDNICKA 4, SŁOMNICKA, ŚLĄSKA, ŚWIĘTOKRZYSKA, WROCŁAWSKA parzyste od 8 do 24"
142,Kraków-Krowodrza ul. Mazowiecka 70,"OBOŹNA, POZNAŃSKA, RACŁAWICKA 55, SKŁADOWA od 15, WŁADYSŁAWA ŁOKIETKA od 1 do 32, WROCŁAWSKA nieparzyste od 11 do 55"
143,Kraków-Krowodrza ul. Mazowiecka 70,"ALEJA GROTTGERA nieparzyste od 1 do 37, ALEJA SŁOWACKIEGO parzyste od 24 do 36, GZYMSIKÓW, MAZOWIECKA parzyste od 2 do 46, SIENKIEWICZA parzyste od 30 do 34"
144,Kraków-Krowodrza ul. Mazowiecka 70,"KMIECA 19, LITEWSKA nieparzyste od 9 do 23, MAZOWIECKA nieparzyste od 23 do 39, WÓJTOWSKA nieparzyste od 1 do 13, WROCŁAWSKA parzyste od 26 do 56"
145,Kraków-Krowodrza ul. Mazowiecka 70,"KMIECA (bez 19), LITEWSKA nieparzyste od 37 do 49 oraz parzyste od 20 do 34 i 66, MAZOWIECKA nieparzyste od 41 do 55, RACŁAWICKA 39, 41, 47, WÓJTOWSKA 4, WROCŁAWSKA parzyste od 58 do 62"
146,Kraków-Krowodrza ul. Litewska 34,"AUGUSTYNKA-WICHURY, FRIEDLEINA, KAMIENNA parzyste do 14, ODROWĄŻA, PLATER, PRĄDNICKA nieparzyste do 31 i parzyste od 8 do 42, SKŁADOWA od 1 do 14, WROCŁAWSKA nieparzyste od 5 do 9, ZBOŻOWA"
147,"Kraków-Krowodrza, Bronowice Małe ul. Litewska 34","ALEJA KIJOWSKA parzyste od 44 do 66, MAZOWIECKA nieparzyste od 113 do 131, RACŁAWICKA parzyste od 40 do 54, WROCŁAWSKA nieparzyste od 75 do 97 i parzyste od 64 do 76"
148,"Kraków-Krowodrza, Bronowice Małe ul. Litewska 34","ALEJA GROTTGERA 43, ALEJA KIJOWSKA nieparzyste od 29 do 61, MAZOWIECKA parzyste od 60 do 108, RACŁAWICKA 29, 31, RZECZNA, WOJSKOWA, WROCŁAWSKA 78, 78a, 80"
149,"Kraków-Krowodrza, Bronowice Małe ul. Katowicka 28","BOYA-ŻELEŃSKIEGO, GENERAŁA WIENIAWY-DŁUGOSZOWSKIEGO 6, 8, 10, 22, GROSZKOWA, KATOWICKA, KSIĘDZA TRUSZKOWSKIEGO, NARCYZOWA, OSIEDLE ZŁOTA PODKOWA, PALMOWA, PASTERNIK nieparzyste, PEIPERA, POD STRZECHĄ, RADZIKOWSKIEGO nieparzyste od 97, TETMAJERA, WITKIEWICZA, ZIELONY MOST od 4 do 12a, ŻELEŃSKIEGO"
150,"Kraków-Krowodrza, Bronowice Małe ul. Na Błonie 15d","BALICKA nieparzyste od 1 do 53 i parzyste od 12 do 14b, NA BŁONIE 1, 3, 3a, 3b, 3c, 9a, ZIELONY MOST 2"
151,"Kraków-Krowodrza, Bronowice Małe ul. Na Błonie 15d",ARMII KRAJOWEJ nieparzyste od 77 do 87
152,"Kraków-Krowodrza, Bronowice Małe ul. Na Błonie 15d","ARMII KRAJOWEJ nieparzyste 89, 93, 97, BRONOWICKA 136, JABŁONKOWSKA, NA BŁONIE 15, 15a, 15b, 15c"
153,"Kraków-Krowodrza, Bronowice Małe ul. Na Błonie 15B","NA BŁONIE 9, 11, 11a, 13, 13a, 13b"
154,"Kraków-Krowodrza, Bronowice Małe ul. Na Błonie 15B","ARCISZEWSKIEGO, BALICKA nieparzyste od 61 do 103a i parzyste od 40 do 102a, BRZEGOWA, BZYMKA-STRZAŁKOWSKIEGO, FILTROWA, HAMERNIA (bez 1), JUSTOWSKA, KOWALSKIEGO, KSIĘDZA MACHAYA, KUŹNICZA, KWIATKOWSKIEGO, LEGENDY, LINDEGO, MŁYNARSKIEGO, NA BŁONIE nieparzyste od 19 i parzyste, NAD ZALEWEM (bez 1, 1a, 2e, 4, 4f, 4g, 4h, 4i, 4j, 4k, 4l, 4s, 8), OCHLEWSKIEGO, ODLEWNICZA 1, 3, OLKUSKA, ORNA, PAMIĘTNA, PIWNIKA PONUREGO, POPIELA, PRYSTORA, PRZESMYK, PRZYJEMNA, ROTMISTRZA PILECKIEGO, STRÓŻECKIEGO, TRAWIASTA, WIEDEŃSKA, ZARUDAWIE, ZARZECZE od 97 do 136"
155,"Kraków-Krowodrza, Bronowice Małe ul. Wierzyńskiego 3","BALICKA od 116, BRZEZIŃSKIEGO, BRZOZOWSKIEGO, DOLIŃSKIEGO, GENERAŁA WIENIAWY-DŁUGOSZOWSKIEGO (bez 6, 8, 10 i 22), GODLEWSKIEGO, GRADOWA, HEMARA, KUROZWĘCKIEGO, MAJORA ŁUPASZKI, NA NOWINACH, PROFESORA MYCZKOWSKIEGO, PROFESORA SPICZAKOWA, PRZY MŁYNÓWCE, WAPIENNIK, WERYHY-DAROWSKIEGO, WIERZYŃSKIEGO, WÓJCICKIEGO, ZAKLIKI Z MYDLNIK, ZAKLUCZE, ZYGMUNTA STAREGO"
156,"Kraków-Krowodrza, Bronowice Małe ul. Szlachtowskiego 31","ALTANOWA, BRONOWICKA parzyste od 2 do 12b, JADWIGI Z ŁOBZOWA, KRZYWY ZAUŁEK, LEA nieparzyste od 123 do 165, MŁODEJ POLSKI, NIEDZIAŁKOWSKIEGO, PIASTOWSKA parzyste od 34 do 50, RYDLA nieparzyste od 1 do 17, STASZCZYKA, SZLACHTOWSKIEGO, ŻELECHOWSKIEGO"
157,"Kraków-Krowodrza, Bronowice Małe ul. Szlachtowskiego 31","ARMII KRAJOWEJ parzyste do 16, BANDTKIEGO od 20, BRONOWICKA 20, 24, 38, CICHA, KOŁOWA, LEA nieparzyste od 171 do 187 i parzyste od 110 do 124, PIASTOWSKA 30, 32, RYDLA parzyste od 2 do 24, ZARZECZE nieparzyste do 27A i parzyste do 22"
158,"Kraków-Krowodrza, Bronowice Małe ul. Złoty Róg 30","BRONOWICKA nieparzyste od 43 do 69, CZEPCA nieparzyste, GÓRNA, KMIETOWICZA, KRAKUSÓW, RODAKOWSKIEGO, RYDLA 26, 28, WALLEK-WALEWSKIEGO, WJAZDOWA, ZŁOTY RÓG od 1 do 23"
159,"Kraków-Krowodrza, Bronowice Małe ul. Złoty Róg 30","BRONOWICKA nieparzyste od 5 do 39, CZELADNICZA, GŁOWACKIEGO parzyste, GRENADIERÓW, HALCZYNA, RYDLA nieparzyste od 21A do 47, ZACZAROWANE KOŁO"
160,"Kraków-Krowodrza, Bronowice Małe ul. Złoty Róg 30","BRONOWICKA nieparzyste od 71 do 139, CZEPCA parzyste, WERNYHORY, ZŁOTY RÓG od 25 do 54a"
161,"Kraków-Krowodrza, Bronowice Małe ul. Szablowskiego 1","DRZYMAŁY, KUNICKIEGO, MYSŁAKOWSKIEGO (bez 13), PRZYBYSZEWSKIEGO od 15 do 67, SEWERA, SZABLOWSKIEGO, ŚWIĘTEGO WOJCIECHA, WESELE, WŁOŚCIAŃSKA, ZARZECZE nieparzyste od 29 do 77 i parzyste od 24 do 90"
162,"Kraków-Krowodrza, Zwierzyniec ul. Szablowskiego 1","ARMII KRAJOWEJ 18, LEA nieparzyste od 189 i parzyste od 140, MYSŁAKOWSKIEGO 13, PRZYBYSZEWSKIEGO 71"
163,"Kraków-Krowodrza, Zwierzyniec ul. Wesele 41","BANDTKIEGO od 1 do 18A, BRONOWICKA parzyste od 48 do 104, PRZYBYSZEWSKIEGO od 1 do 14a, SOŁTYSA DYTMARA, STAŃCZYKA, ZAPOLSKIEJ"
164,"Kraków-Krowodrza, Zwierzyniec ul. Księcia Józefa 337","ALEJA KONAROWA, ALEJA WĘDROWNIKÓW, ASTRONAUTÓW, BAGATELA, BAŻANCIA, BIELAŃSKA, BIELAŃSKIEGO, CZAJEK, CZYŻYKÓW, DALEKA, DWORNA, JEMIOŁUSZEK, KASZUBSKA, KRUCZA, KSIĘCIA JÓZEFA nieparzyste od 291 i parzyste od 128, MAĆKOWA GÓRA, MARSZAŁKA WOLSKIEGO, MIROWSKA, NA GÓRKACH, NA GRABINACH, NA WIRACH, NIEMENA, OKRĄG, ORLA (bez 150), OSZUSTOWSKIEGO, POD JANEM, POD SZWEDEM, PRZEPIÓRCZA, PUCHALSKIEGO, PUSZCZYKÓW, RĘDZINA, SĘPIA, SKALNA, SOKOLA, ZAKRĘT, ZAOGRODZIE, ZASZKOLNA"
165,"Kraków-Krowodrza, Zwierzyniec ul. Chełmska 16","ALEJA KASZTANOWA nieparzyste od 47 do 73 i parzyste od 54 do 78, BARANIECKIEGO, BECKA, CHEŁMSKA, CHWISTKA, CZECHA, GRABOWA parzyste, JUNACKA, JUROWICZA, KRÓLOWEJ JADWIGI nieparzyste od 279 do 329, MALOWNICZA, MARYNARSKA, NAD ZALEWEM 2e, 4, 4f, 4g, 4h, 4i, 4j, 4k, 4l, 4s NIEZAPOMINAJEK, OLSZANICKA od 1 do 9K, ORLA 150, OŚWIĘCIMSKA, PODŁUŻNA, POD STOKIEM, PRZYSZŁOŚCI, PYLNA, RYSI STOK, RZEPICHY, WILCZY STOK, WIOSENNA, ZA SKŁONEM, ZAKAMYCZE, ZIELONY DÓŁ"
166,"Kraków-Krowodrza, Zwierzyniec ul. Korzeniaka 18","AMAZONEK, GŁOGOWIEC, INSUREKCJI KOŚCIUSZKOWSKIEJ, JAGIEŁKA, JANTAROWA, KORZENIAKA, KOSMOWSKIEJ, KRZYŻÓWKA, KSIĘDZA SKARGI, LEŚMIANA, MAJÓWNY, NA BORACH, NA POLANKACH, NAD ŹRÓDŁEM, OLSZANICKA od 10, POD SKAŁĄ, POD SZAŃCAMI, PODKAMYK, PORZECZE, POWSTANIA LISTOPADOWEGO, POWSTANIA STYCZNIOWEGO, RACZKIEWICZA, STRYJEŃSKIEJ, SZASERÓW, WYŻGI"
167,"Kraków-Krowodrza, Zwierzyniec ul. Kamedulska 70","BORÓWCZANA, BRUZDOWA, CYGAŃSKA, DOBRZYCKIEGO, GAJÓWKA, HERZOGA, JODŁOWA, KAMEDULSKA, KASPRZYCKIEGO, KOZIARÓWKA, KSIĘCIA JÓZEFA nieparzyste od 115b do 289 i parzyste od 84 do 120, MÜNCHA, MUZYCZKI, NIETOPERZY, OLCHOWA, PAJĘCZA, PRZEGORZALSKA, RYBNA, SKIBOWA, SZYSZKO-BOHUSZA, UBOCZNA, WINOWCÓW, ZASKALE, ŻEMAITISA, ŻYWICZNA"
168,"Kraków-Krowodrza, Zwierzyniec ul. Senatorska 35","BORELOWSKIEGO-LELEWELA 19, KAŁUŻY, ŁOWIECKA 3, 5, ROTMISTRZA DUNIN-WĄSOWICZA nieparzyste do 19 i parzyste od 8 do 26, STACHOWICZA 3, 5, SYROKOMLI parzyste od 22 do 26, UJEJSKIEGO nieparzyste od 1 do 15, WŁÓCZKÓW parzyste od 20 do 22"
169,"Kraków-Krowodrza, Zwierzyniec ul. Senatorska 35","FAŁATA 2, 2a, 2b, FILARECKA, KRASZEWSKIEGO nieparzyste od 1 do 29 i parzyste od 2 do 16, ŁOWIECKA 2, 6, PRUSA nieparzyste od 1 do 15, SALWATORSKA nieparzyste od 1 do 7a, parzyste od 4 do 16, SENATORSKA nieparzyste od 1 do 21"
170,"Kraków-Krowodrza, Zwierzyniec ul. Senatorska 35","BORELOWSKIEGO-LELEWELA parzyste od 2 do 24, DOJAZDOWA, FLISACKA, JASKÓŁCZA, KOMOROWSKIEGO, KOŚCIUSZKI nieparzyste od 31 do 75 i parzyste od 14 do 86, PLAC NA STAWACH, SENATORSKA parzyste od 2 do 26, STACHOWICZA nieparzyste od 13 do 17"
171,"Kraków-Krowodrza, Zwierzyniec ul. Senatorska 35","BORELOWSKIEGO-LELEWELA nieparzyste od 3 do 17, KOŚCIUSZKI nieparzyste od 15 do 27, MORAWSKIEGO 5, STACHOWICZA parzyste od 2 do 14, SYROKOMLI parzyste od 2 do 20, TATARSKA, UJEJSKIEGO parzyste od 2a do 12, WŁÓCZKÓW parzyste od 2 do 18 i 11a"
172,"Kraków-Krowodrza, Zwierzyniec ul. Prusa 18","ALEJA KRASIŃSKIEGO parzyste od 4 do 32, KOŚCIUSZKI 1, 3, MORAWSKIEGO parzyste od 10 do 12, ROTMISTRZA DUNIN-WĄSOWICZA 2, 4, 6, SYROKOMLI nieparzyste od 1 do 25"
173,"Kraków-Krowodrza, Zwierzyniec ul. Prusa 18","ALEJA MARSZAŁKA FOCHA 14 i od 24 do 32, FAŁATA 4, 4/I, 4/II, 4/III, 4/2, 4/3, 6 i nieparzyste od 3 do 13, KRASZEWSKIEGO parzyste od 22 do 36, PRUSA nieparzyste od 17 do 39 i 28, 30, SALWATORSKA nieparzyste od 9 do 15, WYCZÓŁKOWSKIEGO od 2 do 8"
174,"Kraków-Krowodrza, Zwierzyniec ul. Prusa 18","ALEJA MARSZAŁKA FOCHA 34, 38b, nieparzyste od 35 do 39c, FAŁATA 12, 12d, 14, 14a, KASZTELAŃSKA, MLASKOTÓW, PRUSA parzyste od 2 do 18, SALWATORSKA nieparzyste od 17 do 35a i parzyste od 18 do 24, SENATORSKA nieparzyste od 23 do 43, WYCZÓŁKOWSKIEGO parzyste od 10 do 14"
175,"Kraków-Krowodrza, Zwierzyniec ul. Królowej Jadwigi 78","ALEJA MAŁECKIEGO, DOKTORA KUDLIŃSKIEGO, DOKTORA OWCY-ORWICZA, DROŻYNA, EMAUS (bez 51, 53, 55, 57), FABIJAŃSKICH, GANDHIEGO, GRYFITY, HOFMANA, KOPIEC KOŚCIUSZKI, KORZENIOWSKIEGO, KRÓLOWEJ JADWIGI nieparzyste od 1 do 153c i parzyste od 4 do 184, LESZCZYNOWA, LUDWIKA WĘGIERSKIEGO, MALCZEWSKIEGO nieparzyste od 3 do 11 i parzyste od 4 do 12, ODYŃCA, PANORAMICZNA, PIASTOWSKA nieparzyste od 1 do 15 i parzyste od 2 do 10, PRZEGON, ROMERA, SAWICKIEGO, SŁONECZNIKOWA, TONDOSA, ZAŚCIANEK, ZIMORODKÓW"
176,"Kraków-Krowodrza, Zwierzyniec ul. Królowej Jadwigi 78","ALEJA WASZYNGTONA, ANCZYCA, BENEDYKTOWICZA, BIAŁE WZGÓRZE, DO PRZYSTANI, GONTYNA, KOŚCIUSZKI 88, KSIĘCIA JÓZEFA nieparzyste od 1 do 115 i parzyste od 6 do 54a, MALCZEWSKIEGO 47a, POLNYCH KWIATÓW, ŚWIĘTEJ BRONISŁAWY, UKRYTA, WIOŚLARSKA, WODOCIĄGOWA"
177,"Kraków-Krowodrza, Zwierzyniec al. Modrzewiowa 23","28 LIPCA 1943, BĄKOWSKIEGO, BERBERYSOWA, BIELAKA, BOROWEGO, CEDROWA, CIECHANOWSKIEGO, CZEREMCHOWA, EMAUS 51, 53, 55, 57, KOŁO STRZELNICY, KOPERY, KORBUTOWEJ, KRÓLOWEJ JADWIGI nieparzyste od 155 do 213 i parzyste od 186 do 246, KRZYWICKIEGO, LAJKONIKA, LISIA, MRÓWCZANA, MYDLNICKA 12, 20, NASZA, PĘKSZYCA-GRUDZIŃSKIEGO, POD SIKORNIKIEM, POD SULNIKIEM, PODŁĄCZE, PONIEDZIAŁKOWY DÓŁ, PORĘBA, ROBLA, ROGALSKIEGO, STAROWOLSKA, STRZELNICA, WYROBKA, WYRWY-FURGALSKIEGO, ZŁOTA"
178,"Kraków-Krowordza, Zwierzyniec al. Modrzewiowa 23","AGRESTOWA, ALEJA DO KOPCA, ALEJA KASY OSZCZĘDNOŚCI MIASTA KRAKOWA, ALEJA KASZTANOWA nieparzyste od 1 do 43 i parzyste od 4 do 52, ALEJA MODRZEWIOWA (bez 22), ALEJA PANIEŃSKICH SKAŁ, ALEJA PUSTELNIKA, ALEJA SOSNOWA, ALEJA ŻUBROWA, ASTRONOMÓW, BODZISZKOWA, CISOWA, DOLINA, ESTREICHERÓW, GRABOWA nieparzyste, HALKI, JELENIOWA, JESIONOWA, JONTKOWA GÓRKA, KOGUCIA, KOPALINA, KOTLARCZYKÓW, KRAŃCOWA, KRÓLOWEJ JADWIGI nieparzyste od 215 do 277C i parzyste od 248 do 330, KUKUŁCZA, LEŚNA, ŁAZARSKIEGO, MIGDAŁOWA, MORELOWA, NA WIERZCHOWINACH, NAD ZALEWEM 1, 1a, 8, NITSCHA, SARNIE UROCZYSKO, ŚWIERKOWA"
179,Kraków ul. Skośna 8,"BURGUNDZKA, GWIEŹDZISTA, KOBIERZYŃSKA nieparzyste od 165 i parzyste od 144, KOSZARÓWKA, NORMANDZKA, OBOZOWA nieparzyste od 1 do 45f, parzyste do 24c, PROFESOR BIENIARZÓWNY, PUŁKOWNIKA SPYCHALSKIEGO, SKOŚNA, SZUWAROWA 1, 3, 4, WANDEJSKA, ZAWIŁA nieparzyste od 51"
180,Kraków ul. Skośna 8,"OBOZOWA nieparzyste od 53 do 63, parzyste od 28 do 78b"
181,Kraków ul. Skośna 8,"CHMIELENIEC, SZUWAROWA 5, 6, 7, 8"
182,Kraków ul. Skośna 8,"CZERWONE MAKI, LUBOSTROŃ, SZWAI"
183,Kraków ul. Skośna 8,PROFESORA BOBRZYŃSKIEGO
184,Kraków ul. Skośna 8,"BIESIADNA, BISKUPA MAŁYSIAKA parzyste, DOKTORA BABIŃSKIEGO nieparzyste od 15A do 43C (bez 25, 29) i parzyste do 52, DOKTORA PILTZA, KOLISTA, KRUMŁOWSKIEGO, KWIECISTA, MACIERZANKI, SPACEROWA nieparzyste od 9 (bez 27) i parzyste, TYMOTKOWA, ZAMIEJSKA"
185,Kraków ul. Pszczelna 13,"DRUKARSKA, GUTENBERGA, JAHODY, PROFESORA WIŚNIEWSKIEGO, PRZEMIARKI, ZACHODNIA, ZALESIE nieparzyste od 39 i parzyste od 20"
186,Kraków ul. Pszczelna 13,"BUŁGARSKA, DERENIOWA, KROKUSOWA, LIŚCIASTA, ŁANY, PASTELOWA, PODHALAŃSKA nieparzyste, PSZCZELNA, RUCZAJ nieparzyste od 17 do 45 i parzyste od 22 do 62b, SĄSIEDZKA, TURONIA nieparzyste, ZBROJARZY nieparzyste od 85"
187,Kraków ul. Pszczelna 13,"KOBIERZYŃSKA nieparzyste od 141 do 163 i parzyste od 128 do 142A, MAGNOLII, OBOZOWA nieparzyste od 75, PRZYZBY, RACIBORSKA, STUDZIANKI, TORFOWA, ZALESIE nieparzyste od 1 do 37 i parzyste od 2 do 18"
188,Kraków ul. Pszczelna 13,KOBIERZYŃSKA nieparzyste od 91 do 139B i parzyste od 104 do 126
189,Kraków ul. Pszczelna 13,GROTA ROWECKIEGO nieparzyste od 35 do 49
190,Kraków ul. Pszczelna 13,"GRONOSTAJOWA, GROTA ROWECKIEGO nieparzyste od 49A do 57"
191,Kraków ul. Skotnicka 86,"BACZYŃSKIEGO, BALANÓWKA, BARYCZA, BRŰCKNERA, BUNSCHA, DOBROWOLSKIEGO, DOKTORA BABIŃSKIEGO od 53, GENERAŁA KARCZA, GRZEGORZEWSKIEJ, HARCMISTRZA ORSZY-BRONIEWSKIEGO, HUFCOWA, JASIENICY, KOZIENICKA, KSIĘDZA WUJKA, ŁUKOWIEC, OBROŃCÓW TOBRUKU, OJCA BOCHEŃSKIEGO, PASKA, PORFIROWA, ROSISTA, SKOTNICKA nieparzyste od 69 do 229 i parzyste od 88 do 250, STARZYŃSKIEGO, SZEROKIE ŁĄKI, SZYMONOWICA, UNRUGA 106"
192,Kraków ul. Skotnicka 86,"BATALIONÓW CHŁOPSKICH, BRATERSTWA BRONI, CZWARTAKÓW, DOMOWA, DWORSKI OGRÓD, FEDEROWICZA, KRAJOBRAZOWA, KRESOWA, KRÓLÓWKA, MAJORA SŁABEGO, MOCHNANIEC, OBROŃCÓW HELU, PODOLE, PORUCZNIKA EMIRA, SKOTNICKA nieparzyste od 1 do 67 i parzyste od 2 do 86b, UNRUGA (bez 106), WINNICKA, ZAMGLONA, ZELWEROWICZA"
193,Kraków ul. Wrony 115,"BŁOTNISKA, CHLEBICZNA, DZIAŁOWSKIEGO, HOLLENDRA, KOCHMAŃSKIEGO, KOŁACZKOWSKIEGO, KSIĘDZA TROCKIEGO, MEDALIONÓW, NA KLIŃCU, NAŁKOWSKIEJ, PETRAŻYCKIEGO parzyste od 62 i nieparzyste od 41, PODGÓRKI TYNIECKIE od 1 do 23, PRAŻMOWSKIEGO, PROFESORA OPAŁKA, RADŁOWA, SAPALSKIEGO, SKOTNICKA parzyste od 252 i nieparzyste od 231, SOLÓWKI nieparzyste, TOPOGRAFÓW, TRETÓWKA, WALTERA, WAPOWSKIEGO, WARCHAŁOWSKIEGO, WRONY, ZAGUMNIE, ZIENTARY, ŻYZNA"
194,Kraków ul. Dziewiarzy 7,"BENEDYKTYŃSKA, BOGUCIANKA od 1 do 41, BOLESŁAWA ŚMIAŁEGO, BROWARNIANA, DZIEWIARZY, FEDKOWICZA, HELIGUNDY, LUTEGO TURA, NAD CZERNĄ, OBRONY TYŃCA, PROMOWA, SKOŁCZANKA, SZCZYGIELSKIEGO, ŚWIĘTOJAŃSKA, TOPORCZYKÓW, ZAGÓRZE"
195,Kraków ul. Dziewiarzy 7,"BAGIENNA, BOGUCIANKA od 42, BÓR, DANUSI JURANDÓWNY, GRODZISKO, JANASÓWKA, JURANDA ZE SPYCHOWA, MAĆKA Z BOGDAŃCA, PODGÓRKI TYNIECKIE od 24 (bez 96), STĘPICE, WALGIERZA WDAŁEGO, WIELOGÓRSKA, ZAKLEŚNIE"
196,Kraków ul. Tyniecka 122,"BOBROWA, BODZOWSKA, BOJANÓWKA, BRZASK, DĄBROWA, FALISTA, FOSA, GRANITOWA, GRONOWA, JACHIMECKIEGO, KAKTUSOWA, KOLARZY, KOLNA, KOSTRZECKA, KRZEWOWA, NIERÓWNA, OSIEDLE SREBRNE UROCZYSKO, PROFESORA ŚLASKIEGO, PUSTELNIA, TYNIECKA nieparzyste od 137 i parzyste od 118i, WIDŁAKOWA nieparzyste od 13 i parzyste od 10, WIELKANOCNA, ZACIERNIE"
197,Kraków ul. Ćwikłowa 1,"BAŻANKI, ĆWIKŁOWA, JEMIOŁOWA, OSIEDLE FELCZAKA, RODZINNA, SKALICA, SŁOŃSKIEGO, ŚWIĘTEGO PIOTRA, TYNIECKA nieparzyste od 47 do 135 i parzyste od 46 do 118h, WIDŁAKOWA nieparzyste od 1 do 11 i parzyste od 2 do 8n, WZGÓRZE, ZAKRZOWIECKA do 43E"
198,Kraków ul. Ćwikłowa 1,"EKIELSKIEGO, HARASYMOWICZA, KRASOWA, KSIĘŻARSKIEGO, MORACZEWSKIEGO, NA LESZCZU, ODRZYWOLSKIEGO, POKUTYŃSKIEGO, PRYLIŃSKIEGO, PRZEŁOM, SODOWA, TALOWSKIEGO, ZAKRZOWIECKA od 45 do 63"
199,Kraków ul. Praska 64,"DO GROTY, ŁOSIÓWKA, PATYNÓW, PIETRUSIŃSKIEGO, PRASKA nieparzyste od 27 i parzyste od 52, TYNIECKA od 23 do 45, ZIELNA nieparzyste od 107"
200,Kraków ul. Monte Cassino 31,"BIAŁA DROGA, BOCZNA, BUŁHAKA, CZARODZIEJSKA, CZECHOSŁOWACKA, DĘBNICKA, DWORSKA, GENERAŁA ZIELIŃSKIEGO, JAWOROWA, KAPELANKA 1, 1a, KSIĘDZA PAWLICKIEGO, MIESZCZAŃSKA, MITKOWSKIEGO, MONTE CASSINO, NOWACZYŃSKIEGO (bez 1), OBROŃCÓW POCZTY GDAŃSKIEJ, PRASKA nieparzyste od 1 do 23 i parzyste od 2 do 50, SZWEDZKA nieparzyste od 1 do 49 i parzyste od 36 do 50, TWARDOWSKIEGO od 1 do 67, TYNIECKA od 10a do 21, WIERZBOWA, WYGRANA, ZAGONÓW, ZIELNA nieparzyste od 31 do 105 i parzyste"
201,Kraków ul. Monte Cassino 31,"CEGLARSKA, KAPELANKA nieparzyste od 23 do 29 i parzyste od 2 do 42B, SALEZJAŃSKA, ŚWIĘTEGO JACKA, TWARDOWSKIEGO od 68, WYŁOM"
202,Kraków ul. Skwerowa 3,"BAŁUCKIEGO, DĘBOWA, KONFEDERACKA, PUŁASKIEGO nieparzyste od 7 i parzyste od 10, ROLNA, SKWEROWA, SZWEDZKA parzyste od 2 do 34, TYNIECKA od 1 do 10, WASILEWSKIEGO, ZAGRODY, ZIELNA nieparzyste od 1 do 29"
203,Kraków ul. Skwerowa 3,"BARSKA nieparzyste od 1 do 45 i parzyste od 2 do 42, KILIŃSKIEGO, KONOPNICKIEJ nieparzyste od 1 do 45 i parzyste od 2 do 36, MADALIŃSKIEGO, POWROŹNICZA, PUŁASKIEGO nieparzyste od 1 do 5 i parzyste od 2 do 8, RÓŻANA, RYNEK DĘBNICKI, SANDOMIERSKA, ZAMKOWA, ZDUŃSKA"
204,Kraków ul. Lipińskiego 2,KOBIERZYŃSKA parzyste od 16 do 102
205,Kraków ul. Lipińskiego 2,"KAPELANKA nieparzyste 39 i od 57 i parzyste od 44, LIPIŃSKIEGO, MIŁKOWSKIEGO, STRĄKOWA nieparzyste"
206,Kraków ul. Lipińskiego 2,"GROTA ROWECKIEGO nieparzyste od 11 do 29, PYCHOWICKA"
207,Kraków ul. Lipińskiego 2,"GROTA ROWECKIEGO 31, KAMIENIARSKA, KOBIERZYŃSKA nieparzyste od 1 do 89, NORYMBERSKA do 11, PROFESORA ŁOJASIEWICZA, ROSTWOROWSKIEGO"
208,Krakówi ul. Komandosów 29,"BARSKA nieparzyste od 47 i parzyste od 44, KOMANDOSÓW nieparzyste od 11 do 29, KONOPNICKIEJ nieparzyste od 47 do 69, LUDWINOWSKA, NA USTRONIU, SWOBODA, TURECKA, ZATORSKA"
209,Kraków ul. Komandosów 29,KOMANDOSÓW od 1 do 9
210,Kraków ul. Komandosów 29,"KOMANDOSÓW parzyste od 10 do 18, SŁOMIANA nieparzyste od 1 do 15, SZWEDZKA od 51"
211,Kraków ul. Komandosów 29,SŁOMIANA parzyste od 2 do 24
212,Kraków ul. Komandosów 29,"KAPELANKA nieparzyste od 3 do 15a, ROZDROŻE, SŁOMIANA nieparzyste od 19"
213,Kraków ul. Montwiłła-Mireckiego 29,"DEKARZY, FALOWA, GAJOWA, GOPLANA, HUCULSKA, IRYSOWA, LUDWISARZY, ŁUKASIŃSKIEGO, MICIŃSKIEGO, MŁYNOWA, PIASECKIEGO, RUCZAJ nieparzyste od 1 do 15g i parzyste od 2 do 20, ŚWIATOWIDA, ŚWIEBODZICKA, TOKARSKA, TURONIA parzyste, TYNKARZY, ZABORZE, ZBROJARZY nieparzyste od 1 do 83 i parzyste, ZDUNÓW od 19"
214,Kraków ul. Montwiłła-Mireckiego 29,"CHŁODNA, KOŚCIUSZKOWCÓW, KOWALSKA, KROCHMALNIKI, MIŁA, MONTWIŁŁA-MIRECKIEGO, NA ZRĘBIE, NIECAŁA, NIEMCEWICZA, NOWOGRÓDZKA, OBOZOWA 116, 118, 120, OKRZEI, PODHALAŃSKA parzyste, RYNEK FAŁĘCKI, TĘCZOWA, ZAKOPIAŃSKA nieparzyste od 73 do 97, ZDUNÓW od 1 do 18H, ŻYWIECKA od 1 do 11"
215,Kraków ul. Niecała 8,"BORKOWSKIE BŁONIA, CESARZA, DOKTORA ŁUCZYŃSKIEGO, DRUHNY HANKI, KRĘPY, KSIĘDZA KARABUŁY, KSIĘDZA ZAGRODZKIEGO, KUŁAKOWSKIEGO, SOLVAYA, STARCA, SZCZERBIŃSKIEGO, ZIOBROWSKIEGO, ŻYWIECKA nieparzyste od 13 i parzyste od 50"
216,Kraków ul. Niecała 8,"GORYCZKOWA, JAGODOWA nieparzyste od 11 do 19 i parzyste od 2 do 12, KĘPNA, ŻYWIECKA parzyste od 12 do 48"
217,Kraków ul. Zakopiańska 62,"HERBERTA 8, 10, 12, 14, JELENIOGÓRSKA, JUGOWICKA parzyste, MARCIKA, MODRA, ORZECHOWA, OSIEDLE ZAUŁEK JUGOWICKI, PODMOKŁA, SIELSKA, ZAKOPIAŃSKA nieparzyste od 99 do 145 i parzyste od 54 do 86, ZAWIŁA nieparzyste od 1 do 49"
218,Kraków ul. Fredry 65,"FREDRY nieparzyste do 33 i parzyste do 38, GENERAŁA ROI 4, 4A, 4B, 6, GOSLARA, HARCERSKA, KSIĘDZA TISCHNERA 8, KURASIA, LECHICKA, MALUTKA, NA GRZĄDKACH, OGRODNIKI, PASIECZNA, PRZY TORZE, UROCZA, WŁODARSKA, ZAKOPIAŃSKA parzyste od 2 do 34"
219,Kraków ul. Fredry 65,"CHOCHOŁOWSKA, DO SANKTUARIUM BOŻEGO MIŁOSIERDZIA, FREDRY nieparzyste od 35 i parzyste od 42, HARCMISTRZA MILLANA nieparzyste od 1 do 19 i parzyste od 2 do 24, KOŁODZIEJSKA, KRYSZTAŁOWA, KWIETNA, MOTARSKIEGO, MYŚLENICKA 4, 4A, 6, 10, 17, 24, 26, PIERZCHÓWKA parzyste do 12, POCZTOWA, POŁOMSKIEGO 3, PORUCZNIKA WĄCHAŁY, PRZYKOPY 2, RATAJSKA, SIOSTRY FAUSTYNY, SOBÓTKA, SOWIA, STRUMIENNA nieparzyste do 19 i parzyste do 14, SUCHA, ŚWIĘTEGO BRATA ALBERTA, TOTUS TUUS, ŻMICHOWSKIEJ"
220,Kraków ul. Brożka 3,"BOGDANOWICZA, BORSUCZA 1, 3, 3a i parzyste od 2 do 8, BROŻKA parzyste, CEGIELNIANA nieparzyste od 1 do 45, KĘDZIERZYŃSKA, KOŁOBRZESKA, KOSZALIŃSKA, LASEK, NOWOTARSKA, PIENIŃSKA, PLAC ŁAGIEWNICKI, SŁUPSKA, SZANIAWSKIEGO, WAŁBRZYSKA, ZIELONOGÓRSKA"
221,Kraków ul. Zakopiańska 9,"CEGIELNIANA parzyste od 2, CIESIELSKA, DEOTYMY, DO WILGI, HOFFMANOWEJ, ORACZY, ZAKOPIAŃSKA nieparzyste od 1 do 71"
222,Kraków ul. Strąkowa 3A,"BORSUCZA nieparzyste od 5 i parzyste od 10, CEGIELNIANA nieparzyste od 47, KUSOCIŃSKIEGO, ODRZAŃSKA, STRĄKOWA parzyste"
223,Kraków ul. Sztaudyngera 5,"BARYCKA, BEDNARSKA 13L, BLACHARSKA, GACKI, GĄSIOROWSKIEGO, GRUSZCZYŃSKIEGO nieparzyste od 1 do 31 i parzyste od 2 do 42, HALLERA nieparzyste od 9 i parzyste od 16, HARCERZY KRAKOWSKICH, HOBORSKIEGO, KOSOCICKA 73, 75, 75a, 75b, 79, KOSZUTKI, KRZEMIENIECKA nieparzyste od 35 i parzyste od 34, LANDE, NIEBIESKA od 11, OSTERWY nieparzyste od 1 do 19a i parzyste od 2 do 16, PAWŁOWSKIEGO, SCZANIECKIEJ, SZCZEGÓW, SZTAUDYNGERA, ŻELAZOWSKIEGO"
224,Kraków ul. Kuryłowicza 115,"BERDYCZOWSKA, CHANIECKIEJ, DRUŻBACKIEJ, GEOLOGÓW, GOMBROWICZA, GRUSZCZYŃSKIEGO nieparzyste od 33 i parzyste od 44, JAROCKIEGO, JASIUKOWICZA, KRZEMIENIECKA nieparzyste od 1 do 33 i parzyste od 2 do 32, KUKIEŁEK GOLKOWICKICH, KURYŁOWICZA nieparzyste od 71 i parzyste od 52, MALINOWSKIEGO, NA OBRYDKI, PAJDAKA, RATAJSKIEGO, SCHŐNBORNA"
225,Kraków ul. Tuchowska 113,"BEŁZY, DO LUBONI od 61, DROGA ROKADOWA, GDOWSKA, GOLKOWICKA, GRAWERSKA, KENARA nieparzyste od 1 do 35a i parzyste od 2 do 18, KURYŁOWICZA nieparzyste od 1 do 69 i parzyste od 2 do 50, LANDAUA nieparzyste, MATEMATYKÓW KRAKOWSKICH nieparzyste od 1 do 27a, MIAROWA nieparzyste od 37 i parzyste od 20, NA POKUSIE, NAD FOSĄ, ORSZAŃSKA, OSTERWY nieparzyste od 21 i parzyste od 18, RYTOWNICZA, SZCZAWNICKA, TUCHOWSKA nieparzyste od 41 i parzyste od 50"
226,Kraków ul. Matematyków Krakowskich 102,"GOŁĄBA, LEI, MATEMATYKÓW KRAKOWSKICH nieparzyste od 57 i parzyste od 26, OPIALA, SZARSKIEGO, ZBYDNIOWICKA"
227,Kraków ul. Mirtowa 2,"BOGDANOWSKIEGO, CHAŁUBIŃSKIEGO nieparzyste od 85 i parzyste od 104, CZUCHNOWSKIEGO, DOROSZEWSKIEGO, DRÓŻKA, FAMILIJNA, GILOWA, HERBOWA, IWASZKIEWICZA, KENARA nieparzyste od 37 i parzyste od 20, KOŹMIANA, KSIĘDZA KAJZERA, LANDAUA parzyste, ŁYSOGÓRSKA, MATEMATYKÓW KRAKOWSKICH parzyste od 2 do 24, MIRTOWA, MYŚLENICKA nieparzyste od 189 i parzyste od 164, NIEWODNICZAŃSKIEGO od 1 do 39a, PARAFIALNA, PROFESORA BOCHNAKA, SYREŃSKIEGO, WRÓBLOWICKA nieparzyste od 11 i parzyste od 8"
228,Kraków ul. Niewodniczańskiego 74,"ALEKSANDROWICZA, CHRZANOWSKIEGO, GOŚCINNA, GRZEPSKIEGO, KRZYŻAŃSKIEGO, NIEWODNICZAŃSKIEGO od 40, NOWICKIEGO"
229,Kraków ul. Myślenicka 112,"BABIEGO LATA (bez 24), BOROWINOWA, CHAŁUBIŃSKIEGO nieparzyste od 1 do 83 i parzyste od 2 do 102, CZYRNIAŃSKIEGO, DRUSKIENNICKA, KĄPIELOWA nieparzyste od 11 i parzyste od 12, KRZYŻANOWSKIEGO, LASOGÓRSKA, LUSIŃSKA, ŁOBODOWSKIEGO, MOSZYŃSKIEGO, MUSZYŃSKIEGO, NEUSSERA, PIŁKARSKA, PYTLASIŃSKIEGO, RABCZAŃSKA, SANATORYJNA, STAROWIEJSKA od 12, WCZASOWA, WYPOCZYNKOWA"
230,Kraków ul. Myślenicka 112,"GORCZYNA, HYPTY, IWONICKA, JAR, JELSKIEGO, JEŹDZIECKA, KORCZYŃSKIEGO, KOTOWSKIEGO, LECZNICZA, MERKURIUSZA POLSKIEGO, MIAROWA nieparzyste od 1 do 35b i parzyste od 2 do 16a, MICHALIKA, MOCZYDŁO, MOROZEWICZA, MYŚLENICKA nieparzyste od 79 do 187 i parzyste od 62 do 162, NAŁĘCZOWSKA, NIEDŹWIEDZINY, OPALIŃSKIEGO, PERŁOWA, PINOCCI, PODGÓRKI, PODHALNIE, PRZYRODNICZA, RYMANOWSKA, SAWICZEWSKICH, SIARCZANOGÓRSKA, SIARCZKI, SOBONIOWICKA, SRZEDNICKIEGO, STAWISKO, STEPOWA, SZYBISKO, TOPIARNIA, TRUSKAWIECKA, UZDROWISKOWA, WARSZEWICZA, WIERCHOWA, WRÓBLOWICKA nieparzyste od 1 do 9 i parzyste od 2 do 6, WYRWA, WYŻYNNA 25 i parzyste od 12F, ZARUSKIEGO, ZDROJOWA"
231,Kraków ul. Armii Kraków 76,"ARMII KRAKÓW, BIAŁOSTOCKA, BIESZCZADZKA, CIECHOCIŃSKA, CIEPŁA, CIOŁKOSZA, GOŹDZIKOWA, HORAKA, HUBALCZYKÓW, JASIELSKA, JUGOWICKA nieparzyste, KALISKA, KĄPIELOWA nieparzyste od 1 do 9 i parzyste od 2 do 10, KIERZKOWSKIEGO, KOKOSOWA, KOLEJARZY, KROŚNIEŃSKA, KUSTRONIA, NOWODWORSKIEGO, OWOCOWA, SIARCZANA, SZUMCA, SZYLLINGA, TULIPANOWA, ZAKOPIAŃSKA parzyste od 88 do 194"
232,Kraków ul. Dr Judyma 10,"BORKOWSKA, CZOŁGISTÓW, KADŁUBKA, KLUKA, NENKO, WICHROWA, ŻAKÓW KRAKOWSKICH"
233,Kraków ul. Dr Judyma 10,"BASTIONOWA, BLUSZCZOWA, CZAJKOWSKIEGO, DĘBICKIEGO, FAŁĘCKA, JANOWSKIEGO, KSIĘŻYCOWA, MARUSARZÓWNY, NARVIK, PUSTYNNA, SIOSTRY ZIMMER, SKRZETUSKIEGO, SZMARAGDOWA, ZAWIŁA parzyste"
234,Kraków ul. Dr Judyma 10,"KORPALA parzyste od 22, MIECZYKOWA, PROFESORA BARTLA nieparzyste, WAROWNA"
235,Kraków ul. Dr Judyma 10,"AMARANTOWA, BANACHIEWICZA, BELLERTA, BORATYŃSKIEGO, CHĘCIŃSKA, CHOJNICKA, CIECHANOWSKA, CZERSKA, DOKTORA JUDYMA, EIBISCHA, FORTECZNA, GADOMSKIEGO, GAŁĘZOWSKIEGO, GUMOWSKIEGO, HOMOLACSA, KĘPIŃSKIEGO, KOPERNICKIEGO, KOSTRZEWSKIEGO, KRZYŻTOPORSKA, KSIĘDZA DERCZA, KSIĘDZA MĄCZYŃSKIEGO, KWIATOWA, ŁÓDZKA, MAKLAKIEWICZA, MIODOŃSKIEGO, PRONASZKÓW, RABSZTYŃSKA, RADNICKIEGO, RDZAWA, RUTKOWSKIEGO, TOCHOWICZA, UMIŃSKIEJ, WACHHOLZA, WELOŃSKIEGO, ZAGAJE, ZAKOPIAŃSKA nieparzyste od 147 do 181e, ZAWISZY"
236,Kraków ul. Biskupa Małysiaka 1,"ANUSI, ARKTYCZNA, BABINICZA, BILLEWICZÓW, BISKUPA MAŁYSIAKA nieparzyste, BRACI KIEMLICZÓW, BUTRYMÓW, CENTKIEWICZÓW, DĘBOROGA, DOKTORA BABIŃSKIEGO nieparzyste do 15, DROZDOWSKICH, GALAKTYCZNA, KAMIENIECKA, KETLINGA, KOMUNY PARYSKIEJ, KORPALA od 1 do 20, KRYMSKA, LAUDAŃSKA, ORLEAŃSKA, PAWŁA Z KROSNA, POD DĘBAMI, POD STRUGĄ, POLARNA, PROFESORA BARTLA parzyste, PROFESORA CZEPPE, PROFESORA GEREMKA, PROFESORA WICHERKIEWICZA, SIDZIŃSKA, SOROKI, SPACEROWA nieparzyste do 5a, 27, ZAPOROSKA, ZBARASKA"
237,Kraków ul. Kłuszyńska 46,"DĘBSKIEGO, DZIKIEJ RÓŻY, INICJATYWY LOKALNEJ, KSIĘDZA MAJA, KŁUSZYŃSKA, LIBERTOWSKA nieparzyste i parzyste od 2 do 6, 16, MIEJSCOWA, PETRAŻYCKIEGO nieparzyste od 1 do 39M i parzyste od 2 do 60A, SOLÓWKI parzyste, TAKLIŃSKIEGO, WAŻEWSKIEGO, ZAKARCZMIE"
238,Kraków ul. Kłuszyńska 46,"CHORZOWSKA, OPATKOWICKA, PORONIŃSKA, SMOLEŃSKIEGO, STAROWIEJSKA od 1 do 11, TOROWA, ZAKOPIAŃSKA nieparzyste od 183 i parzyste od 196, ZEMBRZYCKA"
239,Kraków ul. Podedworze 16,"ŁUŻYCKA nieparzyste od 43 do 53 i od 71 do 73c, PODEDWORZE parzyste od 2 do 4"
240,Kraków ul. Podedworze 16,"BOCHENKA (bez 12) , PODEDWORZE parzyste od 6 do 12"
241,Kraków ul. Podedworze 16,ŁUŻYCKA nieparzyste od 55 do 69
242,Kraków ul. Cechowa 57,"KORDIANA, TUCHOWSKA nieparzyste od 1 do 27 i parzyste od 2 do 34"
243,Kraków ul. Cechowa 57,"BŁOGOSŁAWIONEJ FRANCISZKI SIEDLISKIEJ, CECHOWA nieparzyste od 57 i parzyste od 72, GWARNA, KANARKOWA, KIJANKI, ŁUŻYCKA nieparzyste od 75 i parzyste od 42, NAZARETAŃSKA, POCHYŁA, PODEDWORZE parzyste od 14, RODZINY JĘDÓW, TUCHOWSKA nieparzyste od 29 do 39 i parzyste od 36 do 48, UKOŚNA, URWANA, WIDNOKRĄG, ZIMNA"
244,Kraków ul. Cechowa 57,"BABIEGO LATA 24, CECHOWA nieparzyste od 1 do 55 i parzyste od 2 do 70, ŁĘŻCE, MYŚLENICKA nieparzyste od 47 do 77 i parzyste od 42 do 60, STOJAŁOWSKIEGO nieparzyste od 33 do 41a, SZARYCH SZEREGÓW, WYŻYNNA nieparzyste do 9 i parzyste do 12"
245,Kraków ul. Rżącka 1,"BADURSKIEGO 1, 9, BEDNARSKA nieparzyste do 11, 15, 15a, 15b i parzyste do 24, BIERNATA Z LUBLINA, BŁOTNA, CIASNA, CZAJNA, HALLERA nieparzyste od 1 do 7 i parzyste od 2 do 14, KALINOWA, KLINIEC, KOSOCICKA nieparzyste od 85 i parzyste od 72, KSIĘDZA DŹWIGOŃSKIEGO, KRYSTYNA Z OSTROWA, ŁAMANA, MOKRA, NIEBIESKA nieparzyste od 1 do 9 i parzyste od 2 do 10, OBRONNA od 9, PODEDWORZE nieparzyste, PODLESIE, POWAŁY Z TACZEWA, PRZEWIEWNA, PODWÓRKOWA, PRZY KUŹNI, RŻĄCKA, SADKA, SŁONA WODA nieparzyste, SNOZY, SPORNA, SZPAKOWA, TYRANOWSKIEGO, ZYNDRAMA Z MASZKOWIC"
246,Kraków ul. Kamieńskiego 49,"ABRAHAMA nieparzyste, ANDRICIA, BŁAWATKOWA, BURACZANA, DAUNA nieparzyste od 33 i parzyste od 32, GÓRSKA, HELTMANA nieparzyste od 19 i parzyste od 70, KADENA-BANDROWSKIEGO, KAMIEŃSKIEGO nieparzyste od 31, LISA-KULI, LUBUSKA, MACEDOŃSKA 23, MALBORSKA nieparzyste od 35 do 63 i parzyste od 24 do 52, NADZIEJA, NOWOSĄDECKA 22, PIERACKIEGO, SZUKIEWICZA, ZANA"
247,Kraków ul. Malborska 98,"ALBAŃSKA nieparzyste od 1 do 5 i parzyste od 2 do 8, BIAŁORUSKA 36, GRYGLEWSKIEGO, KRAWIECKA, ŁABĘDZIA, MAKOWA, MALBORSKA nieparzyste od 65 i parzyste od 54, MOCHNACKIEGO, PAŃSKA od 43, POPRZECZNA, SKOWRONIA, SŁAWKA 41, 43, 45, SPORTOWA, GENERAŁA SUŁKOWSKIEGO, SZCZĘŚLIWA, SZKOLNA, ZABAWA, ZMARTWYCHWSTANIA PAŃSKIEGO"
248,Kraków ul. Malborska 98,"ANDRYCHOWSKA, GROMADY GRUDZIĄŻ, KARPIŃSKIEGO, ŁAPANOWSKA, ŁUŻYCKA od 1 do 41c, MARCOWA, MONTERSKA, NA ŁUKU, ONDRASZKA, OSSOWSKIEGO, PODGWIEZDNA, SEMPOŁOWSKIEJ, SŁAWKA parzyste od 54 do 62, TURNIEJOWA nieparzyste do 57 i parzyste do 60, WSPÓLNA od 22"
249,Kraków ul. Malborska 98,"BYSTRA, GMINNA, JASTRZĘBIA, KLONOWICA, KOTSISA, PSZENNA, PUSZKARSKA, GENERAŁA ROI (bez 4, 4a, 4b, 6), SŁAWKA nieparzyste od 1 do 39 i parzyste od 2 do 52, STRUMIENNA nieparzyste od 21 i parzyste od 16, WSPÓLNA od 1 do 21, ZIELONA"
250,Kraków ul. Sławka 10,HEILA
251,Kraków ul. Czarnogórska 14,"BIAŁORUSKA parzyste od 2 do 10, CZARNOGÓRSKA 15, 18, SERBSKA 1, 3, WŁOSKA 2B i nieparzyste od 1 do 11"
252,Kraków ul. Czarnogórska 14,"BIAŁORUSKA nieparzyste od 15 do 65, LIRNIKÓW, NOWOSĄDECKA parzyste od 46, POTURALSKIEGO, TRYBUNY LUDÓW"
253,Kraków ul. Czarnogórska 14,"CZARNOGÓRSKA nieparzyste do 9b, MACEDOŃSKA 6, SERBSKA 2, 4, 14, WŁOSKA 6, 8, 13, 15, 17, 19"
254,Kraków ul. Czarnogórska 14,"ALBAŃSKA nieparzyste od 7 i parzyste od 10, ALGIERSKA, CZARNOGÓRSKA parzyste do 8, ESTOŃSKA, LASZCZKI, NIEPOKÓLCZYCKIEGO, TRAWNIKI, WILGOTNA, WŁOSKA 6a, 6b, 8a, 8b, WOLNOŚCI"
255,Kraków ul. Bujaka 15,"BUJAKA (bez 14, 14a, 15, 16, 16a), ŁOWIENICKA, MYŚLENICKA parzyste od 34 do 40, PAGÓRKOWA, STOJAŁOWSKIEGO nieparzyste do 7"
256,Kraków ul. Bujaka 15,"BUJAKA 14, 14a, 15, 16, 16a, CHMIELNA, DALIOWA, GENERAŁA FILIPOWICZA, HERBERTA (bez 8, 10, 12, 14), OKOPOWA, STORCZYKOWA, ŻAKA"
257,Kraków ul. Bujaka 15,"PORUCZNIKA HALSZKI, WYSŁOUCHÓW nieparzyste do 3A"
258,Kraków ul. Bujaka 15,WITOSA
259,Kraków ul. Bujaka 15,TURNIEJOWA nieparzyste od 59 i parzyste od 62 (bez 72)
260,Kraków ul. Bujaka 15,WYSŁOUCHÓW nieparzyste od 11 do 27
261,Kraków ul. Stojałowskiego 31,"WYSŁOUCHÓW nieparzyste od 29 do 55, TURNIEJOWA 72"
262,Kraków ul. Stojałowskiego 31,"BOJKI, WYSŁOUCHÓW 44, 46"
263,Kraków ul. Stojałowskiego 31,WYSŁOUCHÓW parzyste od 16 do 42
264,Kraków ul. Stojałowskiego 31,"STOJAŁOWSKIEGO nieparzyste od 9 do 29, WYSŁOUCHÓW parzyste od 2 do 14"
265,Kraków ul. Dobczycka 20,GOŁAŚKA nieparzyste od 1 do 41
266,Kraków ul. Dobczycka 20,"BESKIDZKA parzyste, DOBCZYCKA, GOŁAŚKA parzyste od 2 do 20, PRZEKĄTNA, SANOCKA"
267,Kraków ul. Dobczycka 20,"SAS-ZUBRZYCKIEGO do 8, TARNOBRZESKA"
268,Kraków ul. Dobczycka 20,"BESKIDZKA nieparzyste, MADERA, MALWOWA, PIERZCHÓWKA nieparzyste od 5 i parzyste od 16, PRZYKOPY nieparzyste od 3 i parzyste od 6, SAS-ZUBRZYCKIEGO 9, 10"
269,Kraków ul. Sucharskiego 36,"AGATOWA, AMETYSTOWA, DOMAGAŁY, MAGAZYNOWA 5, NAD DRWINĄ, NEFRYTOWA, OSIEDLE KOLEJOWE, PÓŁŁANKI parzyste od 2 do 74 (bez 26), TABOROWA, TOPAZOWA"
270,Kraków ul. Sucharskiego 36,"HENRYKA I KAROLA CZECZÓW, MALACHITOWA, OPALOWA, ZŁOCIENIOWA nieparzyste od 21 i parzyste od 28"
271,Kraków ul. Weigla 2,"CZARNOCHOWICKA, FLANKA, GERBEROWA, GRZECHA, HABELI, HIACYNTOWA, HOYERA, JASIEŃSKIEGO, JĘDRZEJCZYKA, KAMELIOWA, KOKOTOWSKA, KSIĘDZA KUSIA, KWATERY, LETNIA, MOGIŁKI, OCHOCZA, OKRĘGLIK, POCHWALSKIEGO, POTRZASK, PRZEBIŚNIEGÓW, PRZYLASZCZKI, PRUSZYŃSKIEGO, SCHULZA, STĘPNIA, STOLARZA, SZYMKIEWICZA, TAŃSKIEGO, WOJCIECHA Z BRUDZEWA, ZAROSIE, ZALIPKI, ZARZYCKIEGO"
272,Kraków ul. Weigla 2,"BIERKOWSKIEGO, BIEŻANOWSKA parzyste od 234 do 248, GARDOWSKIEGO, KIEPURY, KLUSZEWSKIEGO, KOLONIJNA, KOREPTY od 1 do 22, KRZYMUSKIEGO, KURPIŃSKIEGO, KSIĘDZA PRAŁATA ŁACZKA, MADEJÓWKA, MAŁA GÓRA nieparzyste, MAŁKA, NAD SERAFĄ, NA JAZKACH, NOWAKA, POTRZEBOWSKIEGO, PRZECINEK, RAKUŚ, RYGIERA, SMOLENIA, STRYJEŃSKIEGO, SZASTERA, ŚWIDZIŃSKIEGO, WIELICKA parzyste od 248"
273,Kraków ul. Weigla 2,"BIEŻANOWSKA parzyste od 250, BOGUCICKA, BRACI JAMKÓW, DROŻDŻOWA, JAGLARZÓW, JAKUBCA, KŁAKA, KOPROWA, KOREPTY od 23, LIPOWSKIEGO, POD POMNIKIEM, KSIĘDZA POPIEŁUSZKI, PRONIA, PRZEŁAZEK, SUCHARSKIEGO, ŚLÓSARCZYKA, ŚWIEŻA, ŚLIWY, WEIGLA, ZAMŁYNIE, ZŁOCIENIOWA parzyste od 2 do 26 i nieparzyste od 1 do 19, ZOLLA"
274,Kraków ul. Bieżanowska 204,"BIEŻANOWSKA nieparzyste od 155 i parzyste od 128 do 232, BOCZNICA, DANALÓWKA (bez 37, 39, 41), DZIAŁKOWA, IMIELNA, KOMANDORA WROŃSKIEGO, MAGAZYNOWA 1C, LASKOWA, ŁAZY, OGÓRKOWA, PÓŁŁANKI nieparzyste od 1 do 31e, RIPPERÓW, STACYJNA"
275,Kraków ul. Telimeny 9,"BARBARY (bez 12), DUŻA GÓRA (bez 37, 39, 41), MAŁA GÓRA parzyste od 2 do 8, TELIMENY od 1 do 4"
276,Kraków ul. Telimeny 9,"OPTY, TELIMENY 20, 30a, 32 i nieparzyste od 5 do 33 (bez 31)"
277,Kraków ul. Telimeny 9,"BARBARY 12, ĆWIKLIŃSKIEJ, DUŻA GÓRA 37, 39, 41, TELIMENY 31"
278,Kraków ul. Aleksandry 17,"HELENY parzyste od 2 do 20, MAŁA GÓRA parzyste od 10 do 14E"
279,Kraków ul. Aleksandry 17,"ALEKSANDRY nieparzyste od 25 i parzyste od 24, HELENY parzyste od 22, KAIMSKA, MAŁA GÓRA 32, WIELICKA parzyste od 230 do 246"
280,Kraków ul. Aleksandry 17,MAŁA GÓRA parzyste od 16 (bez 32)
281,Kraków ul. Aleksandry 17,ALEKSANDRY od 1 do 7
282,Kraków ul. Aleksandry 17,"ALEKSANDRY od 9 do 23, JERZMANOWSKIEGO 31, PODŁĘSKA"
283,Kraków ul. Jerzmanowskiego 6,LILLI WENEDY (bez 1)
284,Kraków ul. Jerzmanowskiego 6,"JERZMANOWSKIEGO parzyste od 2 do 16, LILLI WENEDY 1"
285,Kraków ul. Jerzmanowskiego 6,"JERZMANOWSKIEGO parzyste od 18 do 26, TELIGI parzyste od 30"
286,Kraków ul. Jerzmanowskiego 6,"KONRADA WALLENRODA, REPUBLIKI KORCZAKOWSKIEJ, TELIGI nieparzyste i parzyste od 2 do 6"
287,Kraków ul. Kurczaba 15,KURCZABA nieparzyste
288,Kraków ul. Kurczaba 15,KURCZABA parzyste
289,Kraków ul. Kurczaba 15,TELIGI parzyste od 8 do 28
290,Kraków ul. Kurczaba 15,"JERZMANOWSKIEGO 35, 39 i parzyste od 28"
291,Kraków ul. Żabia 20,"BADURSKIEGO 13, 13c, 15, 15b, 16, 17, 17a, 17c, 19, JAKUBOWSKIEGO, KOSTANECKIEGO, KOZIETULSKIEGO, MEDYCZNA, OBRONNA od 1 do 8, KSIĘDZA ŚCIEGIENNEGO nieparzyste od 43 (bez 57, 69, 71a, 73) i parzyste od 54, WIELICKA nieparzyste od 261 do 265 i parzyste od 202 do 228, ŻABIA"
292,Kraków ul. Żabia 20,"KSIĘDZA ŚCIEGIENNEGO 57, 69, 71a, 73"
293,Kraków ul. Rydygiera 20,"CZERWIAKOWSKIEGO, KOSOCICKA nieparzyste od 1 do 71 i parzyste od 2 do 70a, SCHWEITZERA, WIELICKA nieparzyste od 269"
294,Kraków ul. Rydygiera 20,"JANA XXIII, KSIĘDZA PRYMASA WYSZYŃSKIEGO, RYDYGIERA, SŁONA WODA parzyste"
295,Kraków ul. Na Wrzosach 57,"BIEŻANOWSKA 78, 78a, 80, 80a, 82, 82a, 84, 84a, 84b, 86, 86b, 88, GÓRNIKÓW, JESIENNA, MUZYKÓW, NAD POTOKIEM, NA WRZOSACH nieparzyste od 55 i parzyste od 52, OKOCIMSKA, SNYCERSKA nieparzyste od 41 i parzyste od 42, KSIĘDZA ŚCIEGIENNEGO nieparzyste od 1 do 41 i parzyste od 2 do 52a"
296,Kraków ul. Popławskiego 17,"BIEŻANOWSKA nieparzyste od 71 do 153e, parzyste od 60 do 76 i od 90 do 126h, CZECHOWICZA, DARASZA, DUBOIS, KALLIMACHA, KARPACKA, MAŁKOWSKIEGO, MARZANNY, MŁODZIEŻY, MORAWIAŃSKIEGO, PODMIŁÓW, SMOLNA, SOBESTO, SOLARZY, UDZIELI"
297,Kraków ul. Popławskiego 17,"BALICKIEGO, BARDOWSKIEGO, BIEŻANOWSKA nieparzyste od 1 do 69a, parzyste od 2 do 58, BRATERSKA, CHŁOPSKA, GIERYMSKICH, KOLEJOWA (bez 4a), KONWALIOWA, LEGIONÓW, MAZURSKA, MIEROSŁAWSKIEGO, ROŻENA, RUCIANA, RYLSKIEGO, SACHAROWA, SIOSTRZANA, WIELICKA parzyste od 114 do 158, WOJNICKA, ZA LIPKAMI, ŻURAWIA"
298,Kraków ul. Popławskiego 17,"ANDRUSIKIEWICZA, BIELSKIEGO, GENERAŁA JASIŃSKIEGO, POPŁAWSKIEGO, PROSTA nieparzyste do 19 i parzyste do 16"
299,Kraków al. Dygasińskiego 15,"ALEJA DYGASIŃSKIEGO, GERSONA, KŁODZKA, LIBERA, NA WRZOSACH nieparzyste od 1 do 53 i parzyste od 2 do 50, PROMIENNA, PROSTA nieparzyste od 27 i parzyste od 20, SMOLARZY, SNYCERSKA nieparzyste od 1 do 39 i parzyste od 2 do 40, SZARA, ŚNIEŻNA, WIELICKA parzyste od 160 do 200, ŻNIWNA"
300,Kraków al. Dygasińskiego 15,"CZORSZTYŃSKA, JAROSŁAWSKA, NA KOZŁÓWCE 5, 13, 15, 17, 19, NIEDZICKA, NOWOSĄDECKA 5a, PROFESORA SEWERYNA, STATTLERA, WIELICKA nieparzyste od 143 do 223, WOLSKA, ZIELENIEC"
301,Kraków ul. Okólna 16,"FACIMIECH, OKÓLNA parzyste od 20 do 28, POLONIJNA, WIELICKA nieparzyste od 225 do 259"
302,Kraków ul. Okólna 16,"NA KOZŁÓWCE 14, 16, 24, 29, 31, 33, 41, WLOTOWA"
303,Kraków ul. Okólna 16,"NA KOZŁÓWCE 12, 12a, 20, OKÓLNA 1, 3, 7, 9, 11, 13"
304,Kraków ul. Spółdzielców 5,"OKÓLNA 2, 4, 5, 6, 8, 10, 12, 14, 16, 18, SPÓŁDZIELCÓW nieparzyste od 1 do 13"
305,Kraków ul. Spółdzielców 5,"NA KOZŁÓWCE 2, 4, 4a, 7, 8, 9, NOWOSĄDECKA 1, 3, 5, SPÓŁDZIELCÓW nieparzyste od 15 i parzyste"
306,Kraków ul. Spółdzielców 5,"NOWOSĄDECKA (bez 1, 3, 5, 5a, 22, 46, 48, 50, 52, 54, 56, 58, 60, 62, 64, 66, 72, 74, 78, 80, 82)"
307,Kraków ul. Saska 11,"HEWELIUSZA, KOŹLARSKA, KRZYWDA od 1 do 27, NOWOHUCKA nieparzyste od 67, PŁASZOWSKA od 1 do 38E, POWSTAŃCÓW WIELKOPOLSKICH nieparzyste od 13 i parzyste od 16A, SARMACKA, STRYCHARSKA, SZKLARSKA, WODNA od 24"
308,Kraków ul. Saska 11,"GROMADZKA, KRZYWDA od 28, PAPROCI, PŁASZOWSKA od 39, SASKA nieparzyste, STRÓŻA RYBNA"
309,Kraków ul. Myśliwska 64,"KOSZYKARSKA, NOWOHUCKA nieparzyste od 13b do 53, parzyste 92, 92A, KSIĘDZA TURKA"
310,Kraków ul. Myśliwska 64,"GUMNISKA, LASÓWKA, MYŚLIWSKA (bez parzystych od 70 do 78), ZADWORZE"
311,Kraków ul. Myśliwska 64,"KSIĘDZA STOSZKI, PRZEWÓZ nieparzyste od 1 do 55 i parzyste od 2 do 40D, SASKA parzyste, SZCZECIŃSKA, SZCZYGLA"
312,Kraków ul. Myśliwska 64,"LIPSKA nieparzyste, MAŁY PŁASZÓW, MYŚLIWSKA parzyste od 70 do 78"
313,Kraków ul. Goszczyńskiego 44,"BATKI, GOSZCZYŃSKIEGO, IŁOWA, KACZA, KOLEJOWA 4a, LIPSKA parzyste, ŁANOWA (bez 39, 41, 41a, 41b, 43, 43d, 43e), RZEBIKA, ŻOŁNIERSKA, ŻEŃCÓW, ŹRÓDLANA"
314,Kraków ul. Goszczyńskiego 44,"BAGROWA, BISKUPIŃSKA, BRANDLA, DANALÓWKA 37, 39, 41, PUŁKOWNIKA DĄBKA, GLINIANA, GOLIKÓWKA nieparzyste od 1 do 89a i parzyste od 2 do 36, GROCHOWA, KOSIARZY, KOZIA, MOTYLA, MIERZEJA WIŚLANA, OBROŃCÓW MODLINA, SIEMIENOWICZA, SUDECKA, SURZYCKIEGO, WĘGLARSKA"
315,Kraków ul. Golikówka 52,"AGAWY, ALBATROSÓW, BOTEWA, BUKOWA, GOLIKÓWKA nieparzyste od 91 i parzyste od 38, JEŻÓW, KAWOWA, KORMORANÓW, KSIĘDZA TARGOSZA, PÓŁŁANKI nieparzyste od 33 i parzyste od 78 do 108, PRZY CEGIELNI, RĄCZNA nieparzyste od 1 do 25c i parzyste od 2 do 42, RYBITWY, SKROMNA, SZPARAGOWA, STRAŻACKA"
316,Kraków ul. Wrobela 79,"BARTNIKÓW, PUŁKOWNIKA BARTY, BUGAJ, CZECZOTTA, DYMNIK, HUSARSKA, KMINKOWA, KOTÓWKA, ŁUTNIA, OSIKOWA, POD GWIAZDAMI, POD WIERZBAMI, RĄCZNA nieparzyste od 27 i parzyste od 44, TRACZY, TYRCZANKA, WROBELA"
317,Kraków ul. Krasickiego 34,"CZACKIEGO, KALWARYJSKA nieparzyste od 61 i parzyste od 70, KONOPNICKIEJ parzyste od 38 do 94, MITERY, ORAWSKA, PRZEDWIOŚNIE, ŚLISKA, SPISKA, SZAFLARSKA"
318,Kraków ul. Krasickiego 34,"GENERAŁA KUTRZEBY, KALWARYJSKA nieparzyste od 37 do 59 i parzyste od 40 do 68, KRASICKIEGO, SMOLKI od 7"
319,Kraków ul. Sokolska 13,"DŁUGOSZA, KALWARYJSKA nieparzyste od 9 do 35 i parzyste od 10 do 38, LEGIONÓW PIŁSUDSKIEGO parzyste, PLAC SERKOWSKIEGO, REJTANA, SOKOLSKA, WŁADYSŁAWA WARNEŃCZYKA"
320,Kraków ul. Zamoyskiego 100,"CZYŻÓWKA, KALWARYJSKA 35a, KRZEMIONKI, PODSKALE, PRZEŁĘCZ, REDEMPTORYSTÓW, SMOLKI od 1 do 6, STROMA, ZAMOYSKIEGO od 8"
321,Kraków Rynek Podgórski 1,"BRODZIŃSKIEGO, CELNA, KALWARYJSKA od 1 do 8, LEGIONÓW PIŁSUDSKIEGO nieparzyste, LIMANOWSKIEGO od 1 do 4, PLAC NIEPODLEGŁOŚCI, PRZY MOŚCIE, RYNEK PODGÓRSKI, STAROMOSTOWA, ZAMOYSKIEGO od 1 do 7"
322,Kraków al. Dembowskiego 12,"ALEJA DEMBOWSKIEGO, ALEJA POWSTAŃCÓW ŚLĄSKICH, KAMIEŃSKIEGO od 1 do 20, KRAKA, PARKOWA od 11, PLAC LASOTY, RADOSNA"
323,Kraków ul. Limanowskiego 60/62,"ALEJA POD KOPCEM, KOPIEC KRAKUSA, LANCKOROŃSKA, LUDOWA, MARYEWSKIEGO, PLAC PRZYSTANEK, POWSTAŃCÓW WIELKOPOLSKICH nieparzyste od 1 do 9 i parzyste od 2 do 14, ROBOTNICZA, SWOSZOWICKA, WAPIENNA, WIELICKA nieparzyste od 1 do 57 i parzyste od 2 do 70, ZA TOREM, ZAMKNIĘTA"
324,Kraków ul. Limanowskiego 60/62,"DĄBRÓWKI, JANOWA WOLA, KĄCIK, LWOWSKA nieparzyste od 1 do 17, 25 i parzyste od 2 do 8, NA ZJEŹDZIE, PLAC BOHATERÓW GETTA, SOLNA, TARGOWA, TRAUGUTTA"
325,Kraków ul. Limanowskiego 60/62,"DĄBROWSKIEGO, HETMAŃSKA, JÓZEFIŃSKA nieparzyste od 43, LIMANOWSKIEGO nieparzyste od 25 i parzyste od 36, LWOWSKA nieparzyste od 43 do 49 i parzyste od 10 do 42, ŚWIĘTEJ KINGI, TARNOWSKIEGO"
326,Kraków ul. Limanowskiego 60/62,"DEKERTA, HERLINGA-GRUDZIŃSKIEGO, KIEŁKOWSKIEGO, KLIMECKIEGO, LIPOWA, MYDLARSKA, NA DOŁACH, NIWY, NA ZAKOLU WISŁY, PANA TADEUSZA, PORTOWA, PRZEMYSŁOWA, ROMANOWICZA, STOCZNIOWCÓW, ŚLUSARSKA, WAŁOWA, ZABŁOCIE, ZAUŁEK"
327,Kraków ul. Potebni 7,"CZARNIECKIEGO (bez 3), KRAKUSA od 1 do 11, PARKOWA od 1 do 10a, PORUCZNIKA STAWARZA, POTEBNI, RĘKAWKA, ŚWIĘTEGO BENEDYKTA, TATRZAŃSKA, WĘGIERSKA nieparzyste od 1 do 9 i parzyste od 2 do 12"
328,Kraków ul. Józefińska 10,"JÓZEFIŃSKA nieparzyste od 1 do 41 i parzyste od 2, KRAKUSA nieparzyste od 13 i parzyste od 12, LIMANOWSKIEGO nieparzyste od 5 do 23 i parzyste od 6 do 34, NADWIŚLAŃSKA, PIWNA, WĘGIERSKA nieparzyste od 11 i parzyste od 14"
329,Kraków ul. Wielicka 73,"ABRAHAMA 6, DAUNA nieparzyste do 23 i parzyste do 22, DREWNIANA, DWORCOWA parzyste, GIPSOWA, HELTMANA nieparzyste do 15a i parzyste do 58, JEROZOLIMSKA, KAMIEŃSKIEGO 36, LECHA, ŁUCZNIKÓW, MALBORSKA parzyste do 18, MIECZNIKÓW, PAŃSKA nieparzyste do 27 i parzyste do 20a, SIEMOMYSŁA, STOIGNIEWA, TARNOWSKA, UŚMIECH, WIELICKA nieparzyste od 59 do 115, WODNA nieparzyste od 1 do 23 i parzyste od 2 do 10"
330,Kraków ul. Wielicka 28a,"DWORCOWA nieparzyste, DWORZEC, PROKOCIMSKA, WIELICKA parzyste od 72 do 112"
331,Kraków al. Skrzyneckiego 12,"ALEJA GENERAŁA SKRZYNECKIEGO, BISKUPA HODURA, BONARKA, BROŻKA nieparzyste, GŁOGOWSKA, GRZYBKI, KOBIERZYŃSKA parzyste od 2 do 14, KSIĘDZA TISCHNERA od 10, ŁAGIEWNICKA, RYDLÓWKA, RZEMIEŚLNICZA, SZAFRANA, WADOWICKA"
332,Kraków ul. Centralna 39,"ALEJA POKOJU nieparzyste od 71 i parzyste od 58, CENTRALNA 5, 28, 30, 34, KAMIONKA, NA ŁĄKACH, NOWOHUCKA 1, 3, WOŹNICÓW"
333,Kraków ul. Centralna 39,"CENTRALNA 32 i od 38, GALICYJSKA, SIKORKI, SOŁTYSOWSKA od 1 do 47 (bez 13D)"
334,Kraków ul. Centralna 39,"CENTRALNA 3, 20, 22, 24, 26, DOLNA, DOLNOMŁYŃSKA, GAŁCZYŃSKIEGO, KWIATÓW POLSKICH, NARCIARSKA, NASTROJOWA, POLESKA, STRUMYK, TABACZNA, TUWIMA"
335,Kraków os. Kolorowe 29,"ALEJA JANA PAWŁA II parzyste od 128 do 176, BIEŃCZYCKA 1, 3, JUTRZENKA, KSIĘDZA ZASTAWNIAKA, ŚLIWKOWA, WĘŻYKA"
336,Kraków os. Kolorowe 29,"ALEJA JANA PAWŁA II parzyste od 178 do 196, BISKUPA PADNIEWSKIEGO, BISKUPA TOMICKIEGO 4, 7, 13, 13A, 17, 19"
337,Kraków os. 2 Pułku Lotniczego 21,"BIEŃCZYCKA 9, 11, 13, 13a, 13b, 15, 17, OSIEDLE 2 PUŁKU LOTNICZEGO od 1 do 11A"
338,Kraków- os. 2 Pułku Lotniczego 21,"ALEJA JANA PAWŁA II nieparzyste od 31 do 43 i parzyste od 68A do 92, BOGUSZÓWKA, MARKOWSKIEGO 4, 6, 8, 10, OSIEDLE 2 PUŁKU LOTNICZEGO od 41 do 44, PROFESORA ŻYCZKOWSKIEGO, WYSOCKIEJ"
339,Kraków os. 2 Pułku Lotniczego 21,OSIEDLE 2 PUŁKU LOTNICZEGO od 45
340,Kraków os. 2 Pułku Lotniczego 21,"ORLIŃSKIEGO, OSIEDLE AVIA, OSIEDLE 2 PUŁKU LOTNICZEGO od 12 do 40"
341,Kraków os. Dywizjonu 303 66,OSIEDLE DYWIZJONU 303 od 18 do 28
342,Kraków os. Dywizjonu 303 66,"OSIEDLE DYWIZJONU 303 od 30 do 44, 76"
343,Kraków os. Dywizjonu 303 66,OSIEDLE DYWIZJONU 303 od 45 do 51
344,Kraków os. Dywizjonu 303 66,"OSIEDLE DYWIZJONU 303 od 52 do 64A, 67, 75"
345,Kraków os. Dywizjonu 303 66,OSIEDLE DYWIZJONU 303 od 1 do 10
346,Kraków os. Dywizjonu 303 66,"OSIEDLE DYWIZJONU 303 od 11 do 17, 66a"
347,Kraków ul. Na Załęczu 2,"ALEJA POKOJU nieparzyste od 51 do 57, CICHOCIEMNYCH AK, CIEPŁOWNICZA, CUPLOWA, DO WISŁY, HABINA, ISEP, LONGINUSA PODBIPIĘTY nieparzyste do 55A (bez 15) i parzyste do 90B, ŁĘGOWA, NA ZAŁĘCZU, NIEPOKALANEJ PANNY MARII, NIEPOŁOMSKA, ODMĘTOWA parzyste od 88B, 107, OGŁĘCZYZNA, OSIEDLE, PLAC BŁONIE-BESZCZ, PODLESKA, SIERPOWA, SIWKA, SKRĘCONA, SOCHY, STRĘCKA, SZAFRAŃSKA, WIKLINOWA, ZAJĘCZA, ZAPUSTA"
348,Kraków ul. Skarżyńskiego 1,"OSIEDLE AKADEMICKIE, SKARŻYŃSKIEGO"
349,Kraków os. Kombatantów 13,"CZAPLICKIEGO, OSIEDLE KOMBATANTÓW od 1 do 15"
350,Kraków os. Tysiąclecia 15,OSIEDLE TYSIĄCLECIA od 1 do 14
351,Kraków os. Tysiąclecia 15,OSIEDLE TYSIĄCLECIA od 15 do 27
352,Kraków os. Tysiąclecia 15,OSIEDLE TYSIĄCLECIA od 28 do 56
353,Kraków os. Tysiąclecia 57,"MIŚNIEŃSKA od 72 do 85, OSIEDLE TYSIĄCLECIA od 57"
354,Kraków os. Tysiąclecia 57,OSIEDLE OŚWIECENIA od 1 do 8 i od 14 do 17
355,Kraków os. Oświecenia 30,"OSIEDLE OŚWIECENIA 40, 42, 43 i od 46"
356,Kraków os. Oświecenia 30,"ARCTA, OSIEDLE OŚWIECENIA od 35 do 39, 41"
357,Kraków os. Oświecenia 30,"OSIEDLE OŚWIECENIA od 9 do 13, 33, 33 a"
358,Kraków os. Oświecenia 30,OSIEDLE OŚWIECENIA od 18 do 27
359,Kraków os. Oświecenia 30,"ALEJA GENERAŁA BORA-KOMOROWSKIEGO od 37, BOHOMOLCA nieparzyste od 1 do 11, DOBREGO PASTERZA 124, KNIAŹNINA parzyste od 2 do 12, KRZESŁAWICKA 2a, 2b, OSIEDLE OŚWIECENIA od 28 do 32, 34, 44, 45"
360,Kraków os. Złotego Wieku 14,OSIEDLE ZŁOTEGO WIEKU od 1 do 15
361,Kraków os. Złotego Wieku 14,OSIEDLE ZŁOTEGO WIEKU od 16 do 32
362,Kraków os. Złotego Wieku 36,OSIEDLE ZŁOTEGO WIEKU od 33 do 52
363,Kraków os. Złotego Wieku 36,OSIEDLE BOHATERÓW WRZEŚNIA od 57 do 81
364,Kraków os. Złotego Wieku 4,"BAZIAKA, BUDZISZYŃSKA, KORONY POLSKIEJ, KSIĘDZA KUCZKOWSKIEGO, KSIĘDZA KURZEI, MOSDORFA, NA ZBOCZU, ORŁA BIAŁEGO, OSIEDLE ZŁOTEGO WIEKU od 68, PARNICKIEGO, WAWELSKA parzyste od 8 do 16, ZAWIEYSKIEGO, ZJAZDU GNIEŹNIEŃSKIEGO"
365,Kraków os. Złotego Wieku 4,"OSIEDLE ZŁOTEGO WIEKU od 53 do 67, WAWELSKA 6"
366,Kraków os. Bohaterów Września 13,OSIEDLE BOHATERÓW WRZEŚNIA od 1 do 5
367,Kraków os. Bohaterów Września 13,OSIEDLE BOHATERÓW WRZEŚNIA od 6 do 14
368,Kraków os. Bohaterów Września 13,OSIEDLE BOHATERÓW WRZEŚNIA od 26 do 38
369,Kraków os. Bohaterów Września 13,OSIEDLE BOHATERÓW WRZEŚNIA od 39 do 55
370,Kraków os. Bohaterów Września 13,OSIEDLE BOHATERÓW WRZEŚNIA od 15 do 25
371,Kraków os. Piastów 34A,OSIEDLE PIASTÓW od 1 do 11
372,Kraków os. Piastów 34A,"OSIEDLE MISTRZEJOWICE 14, OSIEDLE PIASTÓW od 12 do 17a, 29, 34, 34a"
373,Kraków os. Piastów 34A,"OSIEDLE MISTRZEJOWICE 13, OSIEDLE PIASTÓW od 18 do 28"
374,Kraków os. Piastów 34A,OSIEDLE PIASTÓW od 30 do 44 (bez 34 i 34 a)
375,Kraków os. Piastów 34,"DMOWSKIEGO, DO FORTU, GENERAŁA OKULICKIEGO 44, 60, 66, 68, KORFANTEGO, KRÓLOWEJ MARYSIEŃKI, KSIĘDZA KARDYNAŁA SAPIEHY, KSIĘDZA MAZANKA, MARYCJUSZA, MISTRZEJOWICKA, OSIEDLE MISTRZEJOWICE od 1 do 53 (bez 13, 14)"
376,Kraków os. Piastów 34,"DZIEKANOWICKA, OSIEDLE PIASTÓW od 54, POWSTAŃCÓW nieparzyste od 121 do 129 i parzyste od 54 do 64"
377,Kraków os. Piastów 34,OSIEDLE PIASTÓW od 45 do 53
378,Kraków os. Kościuszkowskie 7,OSIEDLE KOŚCIUSZKOWSKIE od 1 do 8
379,Kraków os. Kościuszkowskie 7,OSIEDLE KOŚCIUSZKOWSKIE od 9 do 11
380,Kraków os. Wysokie 6,"OSIEDLE NA LOTNISKU 1, 2, 4, 6, od 19 do 27"
381,Kraków os. Wysokie 6,"KRÓLA, OSIEDLE NA LOTNISKU 3 i od 7 do 18a"
382,Kraków os. Wysokie 7,OSIEDLE STRUSIA od 1 do 6
383,Kraków os. Wysokie 7,"OSIEDLE WYSOKIE od 1 do 22 c, URSZULKI, ZŁOCZOWSKA"
384,Kraków os. Strusia 19,OSIEDLE STRUSIA od 7 do 12
385,Kraków os. Strusia 19,"BOGUSZA, OSIEDLE STRUSIA od 13 do 20"
386,Kraków os. Kalinowe 17,OSIEDLE KALINOWE od 1 do 11
387,Kraków os. Kalinowe 18,OSIEDLE KALINOWE od 12 do 17
388,Kraków os. Kalinowe 18,OSIEDLE KALINOWE od 18 do 24
389,Kraków os. Niepodległości 19,OSIEDLE NIEPODLEGŁOŚCI od 1 do 7
390,Kraków os. Niepodległości 19,OSIEDLE NIEPODLEGŁOŚCI od 8 do 19
391,Kraków os. Albertyńskie 36,OSIEDLE ALBERTYŃSKIE od 12 do 21
392,Kraków os. Albertyńskie 36,"MAŁEGO KSIĘCIA, OSIEDLE ALBERTYŃSKIE od 22 do 30"
393,Kraków os. Albertyńskie 36,"DĄBROWSKIEJ od 17 do 17I, OSIEDLE ALBERTYŃSKIE 1, 2 i od 31 do 38"
394,Kraków os. Jagiellońskie 18,"OSIEDLE PRZY ARCE od 1 do 8, PORUCZNIKA SZCZEKLIKA"
395,Kraków os. Jagiellońskie 18,OSIEDLE PRZY ARCE od 9 do 12 i 14
396,Kraków os. Jagiellońskie 18,OSIEDLE PRZY ARCE 13 i od 15 do 19
397,Kraków os. Złotej Jesieni 16,"BATALIONU ""/PARASOL""/, OSIEDLE PRZY ARCE od 20 do 26"
398,Kraków os. Złotej Jesieni 16,"FATIMSKA, SZYBKA"
399,Kraków os. Złotej Jesieni 16,"ANDERSENA, BULWAROWA nieparzyste, CIENISTA, KACZEŃCOWA, KOCMYRZOWSKA nieparzyste do 7a, MAKUSZYŃSKIEGO nieparzyste, ODMOGILE, PODRZECZE od 2 do 28, STADIONOWA, WOJCIECHOWSKIEGO"
400,Kraków os. Złotej Jesieni 2,"GENERAŁA OKULICKIEGO nieparzyste od 49 do 59, ŁOPACKIEGO, OBROŃCÓW KRZYŻA 1, OSIEDLE ZŁOTEJ JESIENI (bez 1)"
401,Kraków os. Złotej Jesieni 2,"OSIEDLE JAGIELLOŃSKIE od 1 do 8, 27, 37"
402,Kraków os. Jagiellońskie 9,"ANNY JAGIELLONKI, BARBARY RADZIWIŁŁÓWNY, KRÓLOWEJ BONY, OSIEDLE JAGIELLOŃSKIE od 9 do 26, od 28 do 36"
403,Kraków os. Jagiellońskie 9,OSIEDLE KAZIMIERZOWSKIE od 26 do 34
404,Kraków os. Jagiellońskie 9,"OSIEDLE KAZIMIERZOWSKIE od 1 do 15, SPYTKA Z MELSZTYNA"
405,Kraków os. Jagiellońskie 9,"ELŻBIETY ŁOKIETKÓWNY, OSIEDLE KAZIMIERZOWSKIE od 18 do 25"
406,Kraków ul. Wańkowicza 17,"KLEINERA, KOCMYRZOWSKA nieparzyste od 9 do 19 i parzyste od 2 do 6, KRASNOWOLSKIEGO, LEHRA-SPŁAWIŃSKIEGO, ŁEMPICKIEGO, ŁOWIŃSKIEGO 1, MAKUSZYŃSKIEGO parzyste, POLSKIEGO CZERWONEGO KRZYŻA, PRZEBINDOWSKIEGO, WAŃKOWICZA nieparzyste i parzyste od 26, WĄWOZOWA"
407,Kraków os. Na Wzgórzach 13A,"OSIEDLE NA WZGÓRZACH od 1 do 10, od 36 do 44, 59"
408,Kraków os. Na Wzgórzach 13A,"OSIEDLE NA WZGÓRZACH od 11 do 13 a, od 28 do 35"
409,Kraków os. Na Wzgórzach 13A,OSIEDLE NA WZGÓRZACH od 14 do 27
410,Kraków os. Na Stoku 52,"DARWINA 4, KOCMYRZOWSKA 8, ŁOWIŃSKIEGO 3, 4, 5, OSIEDLE NA STOKU od 1 do 9 i od 35 do 52"
411,Kraków os. Na Stoku 34,"OSIEDLE NA STOKU od 10 do 27 (bez 23 a, 24 a)"
412,Kraków os. Na Stoku 34,"ARCHITEKTÓW, BACEWICZÓWNY, BOLESŁAWA KRZYWOUSTEGO, BOLESŁAWA WSTYDLIWEGO, CZERWONEGO KAPTURKA, GROICKIEGO, HENRYKA BRODATEGO, JANA KAZIMIERZA, JANA OLBRACHTA, JANCZARSKIEGO, JASIA I MAŁGOSI, JASKRA, KAZIMIERZA JAGIELLOŃCZYKA, KAZIMIERZA SPRAWIEDLIWEGO, KISIELEWSKIEGO, KLEMENSA Z RUSZCZY, KOWNACKIEJ, LESZKA BIAŁEGO, LESZKA CZARNEGO, MORTKOWICZ-OLCZAKOWEJ, PETŐFIEGO, PIOTRUSIA PANA, PŁOMYCZKA, PORAZIŃSKIEJ, PRZEMYSŁAWA II, PRZYBOSIA, RYCERSKA, SAMOZWANIEC, STANISŁAWA AUGUSTA PONIATOWSKIEGO, WIERZYNKA, WŁADYSŁAWA IV, WŁADYSŁAWA JAGIEŁŁY"
413,Kraków os. Na Stoku 34,"OSIEDLE NA STOKU 23a, 24a, od 27a do 34a"
414,Kraków ul. Styczna 1,"BIRKUTA, BOŻYWOJA, BUKSZPANOWA, CIEŚLIŃSKIEJ-BRZESKIEJ, CYPRYSÓW, DARWINA nieparzyste od 1 do 47F, FLORKOWSKIEGO, FOLWARCZNA, FREEGE?GO, GEODETÓW, GERLAHA, GŁĘBINOWA, GRĘBAŁOWSKA, JUBILEUSZOWA, KAMBERSKIEGO, KANTOROWICKA nieparzyste od 1 do 105 i parzyste od 4 do 54H, KIRCHMAJERA, KOCMYRZOWSKA nieparzyste od 21 i parzyste od 10, KOROHODY, KSIĘDZA HYCA, KSIĘDZA KACZYŃSKIEGO, LUBORZYCKA, ŁĄCKA, NIEBYŁA, OBWODOWA, PŁASKA, POMYKANY, PRUSKA, PRZYMIARKI, STEFCZYKA, STOKOWA, STUDZIENNA, STYCZNA, SYBIRAKÓW, TWAROGA"
415,Kraków ul. Łuczanowicka 2A,"BLOKOWA, BURZOWA, DARWINA nieparzyste od 49 i parzyste od 6, GRZEGORZA Z SANOKA, KOMASY, LUBOCKA, ŁAZOWA, ŁOWIŃSKIEGO 7, 11, 13, 15, ŁUCZANOWICKA 2, 7, 9, 11, 13, 19, MARGLOWA, MROZOWA, NIEWIELKA, ROWIDA, WIELKICH PIECÓW"
416,Kraków ul. Jaskrowa 5,"BETLEJEMSKA, BRACI POLSKICH, BRUŚNICKA, BYSTRONIA, GLINIK, GODEBSKIEGO, IRZYKOWSKIEGO, JASEŁKOWA, JASKROWA, KALWIŃSKA, KOLĘDNICZA, KOSÓW, KSIĘDZA FIGLEWICZA, KULINOWSKIEJ, LASOWISKO, ŁUCZANOWICKA (bez 2, 7, 9, 11, 13, 19), MORSTINA, MYCIELSKIEGO, ORGANKI, ORŁOWSKIEGO, PANKIEWICZA, PASTERSKA, SAJAKÓWKA, SKOCZYLASA, SOCZYNY, SPŁAWY (bez 2), SULISŁAWA, TRZECH KRÓLI, UZIEMBŁY, WADOWSKA, WĘGRZYNOWICKA, WITTIGA, WODOCZA, ZA OGRODEM, ZAGOŚCINIEC, ZAWIELGUSIE, ŻONKILOWA"
417,Kraków ul. Morcinka 5,"JEZIORANY, KANTOROWICKA nieparzyste od 111 i parzyste od 58, MORCINKA, NAD BARANÓWKĄ, STARY GOŚCINIEC, WIELKIE POLA, ZAKŁADOWA, ZAKOLE, ZESŁAWICKA"
418,Kraków ul. Sawy-Calińskiego 12,"BARWNA, DYBOWSKIEGO, HEKTARY, IGOŁOMSKA od 83 do 105, KOŚCIELNICKA, KUŚNIERSKA, ŁOZIŃSKIEGO, OSTAFINA, OSTRÓWKA, PŁOSZCZYNY, POD GAJEM, PODBIAŁOWA, PYSOCICE, SAWY-CALIŃSKIEGO, STOPKI, WALIGÓRSKIEGO, WIEWIÓRCZA, WODZICKICH, WRÓŻENICKA"
419,Kraków os. Centrum A 6A,OSIEDLE CENTRUM A od 1 do 14
420,Kraków os. Willowe 1,OSIEDLE HUTNICZE
421,Kraków os. Willowe 1,OSIEDLE WANDY
422,Kraków os. Ogrodowe 15,OSIEDLE OGRODOWE
423,Kraków os. Na Skarpie 46,"CERCHÓW, OSIEDLE MŁODOŚCI od 1 do 15 (bez 9, 10, 11), OSIEDLE NA SKARPIE od 21 do 46, SIEROSZEWSKIEGO 1, 1 A, 3"
424,Kraków os. Na Skarpie 8,"BISKUPA TOMICKIEGO 3, 5, OSIEDLE CENTRUM E od 1 do 25"
425,Kraków os. Na Skarpie 8,"OSIEDLE MŁODOŚCI 9, 10, 11, OSIEDLE NA SKARPIE od 1 do 20 i od 47 do 64"
426,Kraków os. Stalowe 18,"OSIEDLE WILLOWE od 1 do 37, PLAC PRZY POCZCIE"
427,Kraków os. Stalowe 18,OSIEDLE STALOWE od 1 do 18
428,Kraków os. Centrum B 6,OSIEDLE CENTRUM B
429,Kraków os. Szklane Domy 2,OSIEDLE SZKLANE DOMY
430,Kraków os. Słoneczne 12,OSIEDLE SŁONECZNE
431,Kraków os. Szkolne 5,"OSIEDLE SZKOLNE od 1 do 5, od 28 a do 37"
432,Kraków os. Szkolne 26,OSIEDLE SZKOLNE od 6 do 27
433,Kraków os. Szkolne 18,OSIEDLE ZIELONE od 1 do 28
434,Kraków os. Szkolne 18,"BULWAROWA 2, OSIEDLE SPORTOWE (bez Nr 9)"
435,Kraków os. Centrum C 10,OSIEDLE CENTRUM C
436,Kraków os. Zgody 1,"OSIEDLE ZGODY, SEIFERTA"
437,Kraków os.Teatralne 35,OSIEDLE UROCZE
438,Kraków os. Teatralne 35,"LUDŹMIERSKA, OSIEDLE TEATRALNE od 8 do 24, od 34 do 35,"
439,Kraków os. Górali 5,OSIEDLE GÓRALI
440,Kraków os. Krakowiaków 47,OSIEDLE KRAKOWIAKÓW od 1 do 17
441,Kraków os. Krakowiaków 47,OSIEDLE KRAKOWIAKÓW od 18 do 47
442,Kraków os. Teatralne 33,"OSIEDLE TEATRALNE od 1 do 7, od 25 do 33"
443,Kraków os. Handlowe 4,OSIEDLE CENTRUM D
444,Kraków os. Handlowe 4,OSIEDLE HANDLOWE
445,Kraków os. Kolorowe 29,"OSIEDLE KOLOROWE od 1 do 15, 17 a"
446,Kraków os. Kolorowe 29,OSIEDLE KOLOROWE od 16 do 47 (bez 17 a)
447,Kraków os. Spółdzielcze 6,OSIEDLE SPÓŁDZIELCZE
448,Kraków ul. Ptaszyckiego 9,"BARDOSA, GRANICZNA, GRĄBY, HUTNIKA, JAGIENKI, JEŻYNOWA, JUTRZYŃSKA, KĘPSKA, KLASZTORNA, KMICICA, KOPANIEC, KUBLIŃSKIEGO, LONGINUSA PODBIPIĘTY nieparzyste 15 i od 61, NA NIWACH, ODMĘTOWA nieparzyste do 99, parzyste do 28A, OPATA SALWIŃSKIEGO, PODBAGNIE, POWIATOWA, PTASZYCKIEGO, SAMOSTRZELNIKA, STARE WIŚLISKO, SYRACHOWSKA, UJASTEK MOGILSKI, WAŃKOWICZA parzyste do 22, WIŚNIOWIECKIEGO, WOJENNA, WOŁODYJOWSKIEGO, ZAGŁOBY, ZAKARNIE, ZBYSZKA Z BOGDAŃCA, ZIARKOWA, ŻAGLOWA"
449,Kraków ul. Branicka 26,"BRANICKA, CHAŁUPKI, DESZCZOWA, GENERAŁA KARASZEWICZA-TOKARZEWSKIEGO nieparzyste od 1 do 37d, parzyste od 2 do 44, KĄKOLOWA, KŁOSOWA, ŁUBINOWA, PLASTUSIA, POWOJOWA, RUMIANKOWA, SASANEK, SZYMAŃSKIEGO, TATARAKOWA, TRUSKAWKOWA, WRZOSOWA, ZAPORĘBIE, ŻÓŁWIA"
450,Kraków ul. Prawocheńskiego 7,"BARWINKOWA, CIEKOWIEC, CZECZEŃSKA, GENERAŁA KARASZEWICZA-TOKARZEWSKIEGO nieparzyste od 39, parzyste od 46, IGOŁOMSKA od 35 do 82b, JEZIORKO, NARCYZA-WIATRA, PODSTAWIE, PRAWOCHEŃSKIEGO, PYSOŃCE, RUSIECKA, RZEPAKOWA, SITOWINY, TARASOWA, TRZCINOWA, TYMIANKOWA, UBELINY, WIATRACZNA, WYCIĄSKA, ZA GÓRĄ, ZIEMSKA"
451,Kraków ul. Drożyska 13,"BARTNICZA, BETONOWA, BIWAKOWA, BRZESKA, DROŻYSKA, FLAME, JAGLANA, KONTRYMA, KSIĘDZA LUZARA, MORGI, NADWODNA, PLAC TURZYMY, PLAŻOWA, PLUTY-CZACHOWSKIEGO, PRZYLASEK, SIEJÓWKA, SZLIFIERSKA, WIĄZOWA, ZAKĘPIE"
452,Kraków ul. Nadbrzezie 18,"CEMENTOWA, DYMAREK, GWARECKA, IGOŁOMSKA od 1 do 34, JEZIERSKIEGO, KAROWA, MARTENOWSKA, MŁOTKÓW, NADBRZEZIE, NENCKIEGO, OSTRÓW, POPIELNIK, RUDNI, SUCHY JAR, ŚWIĘTEGO WINCENTEGO, ZIEMIANEK"
