,granice,nr,lat,lon
0,"dajwór parzyste od 2 do 20, halicka (bez 21 i 22,23), miodowa nieparzyste od 49 do 51, przemyska, rzeszowska, starowiślna nieparzyste od 77 do 99 i parzyste od 52 do 88,, świętego wawrzyńca nieparzyste od 39 do 41 i parzyste od 24 do 40",1,50.0525062,19.9491492
1,"bocheńska, bonifraterska, gazowa, krakowska parzyste od 42 do 52, mostowa, plac wolnica, podgórska od 11 do 16, świętego wawrzyńca nieparzyste od 1 do 35, trynitarska (bez 11)",2,50.0487011,19.9457545
2,"bożego ciała nieparzyste od 5 do 31 i parzyste od 6 do 26, estery, izaaka, jakuba nieparzyste od 1 do 33, józefa nieparzyste od 1 do 21 i parzyste od 2 do 34, krakowska parzyste od 12 do 40, kupa, meiselsa nieparzyste od 5 do 17 i parzyste od 12 do 24, miodowa nieparzyste od 1 do 31, nowa, plac nowy, warszauera",3,50.051775,19.9431209
3,"bartosza, brzozowa parzyste od 12 do 22, ciemna, dajwór nieparzyste od 1 do 25, jakuba parzyste od 2 do 10, joselewicza nieparzyste od 1 do 23, józefa nieparzyste od 23 do 33 i parzyste od 36 do 46, lewkowa, miodowa nieparzyste od 33 do 47 i parzyste od 32 do 48, plac bawół, starowiślna nieparzyste od 47 do 75 i parzyste od 42 do 50, szeroka, świętego wawrzyńca parzyste od 14 do 22, wąska",4,50.0510848,19.9484887
4,"dietla nieparzyste od 77 do 115, joselewicza parzyste od 10 do 30, świętego sebastiana parzyste od 26 do 36, starowiślna nieparzyste od 29 do 45 i parzyste od 26 do 40, wrzesińska",5,50.0550576,19.9449691
5,"bożego ciała od 1 do 4, brzozowa nieparzyste od 1 do 17 i parzyste od 2 do 10, dietla nieparzyste od 43 do 75, joselewicza parzyste od 2 do 6, krakowska 2, miodowa parzyste od 2 do 30, podbrzezie, świętego sebastiana nieparzyste od 25 do 33",6,50.0522149,19.942673
6,"augustiańska nieparzyste od 7 do 21 i parzyste od 8 do 36, chmielowskiego, krakowska nieparzyste od 9 do 41, 49, 51, meiselsa 1, 3 i parzyste od 2 do 10, piekarska , rybaki, skałeczna, skawińska (bez 8), świętej katarzyny, węgłowa, wietora",7,50.04973589999999,19.9411339
7,"augustiańska od 1 do 6, dietla nieparzyste od 1 do 41, kordeckiego, krakowska nieparzyste od 1 do 7 i parzyste od 4 do 10, orzeszkowej, paulińska 3, 5 i parzyste od 2 do 32, świętego stanisława",8,50.050612,19.9407669
8,"bernardyńska, dietla parzyste od 10 do 42, koletek, smocza, stradomska nieparzyste od 1 do 27, sukiennicza, świętej agnieszki",9,50.053286,19.9371487
9,"dominikańska, franciszkańska 2 i 4, grodzka nieparzyste od 19 do 65 i parzyste od 2 do 64, kanonicza, plac bernardyński, plac dominikański, plac świętej marii magdaleny, plac wszystkich świętych od 3 do 5, podzamcze od 1 do 14 , poselska, senacka, sienna nieparzyste od 1 do 21d, stolarska, straszewskiego 1, 2, świętej gertrudy od 25 do 29, zamek wawel",10,50.05904659999999,19.9397486
10,"bogusławskiego nieparzyste od 1 do 9, dietla parzyste od 44 do 68, sarego nieparzyste od 1 do 11, stradomska parzyste od 2 do 18, świętego sebastiana nieparzyste od 1 do 23 i parzyste od 2 do 12, świętej gertrudy od 12 do 24",11,50.0565813,19.9423388
11,"bogusławskiego parzyste od 2 do 10, dietla parzyste od 70 do 76, sarego nieparzyste od 13 do 27 i parzyste od 2 do 28, starowiślna nieparzyste od 1 do 27, świętego sebastiana parzyste od 14 do 24, świętej gertrudy od 1 do 11",12,50.0565913,19.9425841
12,"bonerowska, dietla parzyste od 80 do 90, librowszczyzna, morsztynowska, starowiślna parzyste od 2 do 22, westerplatte od 17 do 20, wielopole, zyblikiewicza nieparzyste od 1 do 19",13,50.0590866,19.946556
13,"skłodowskiej-curie, kopernika nieparzyste od 1 do 9 i parzyste od 2 do 16, lubicz nieparzyste od 1 do 9, radziwiłłowska, westerplatte od 1 do 16, zamenhofa, zyblikiewicza parzyste od 2 do 22",14,50.0628334,19.9459716
14,"floriańska, mały rynek, mikołajska, na gródku, pijarska nieparzyste od 19 do 23, plac mariacki, plac świętego ducha, sienna parzyste od 2 do 16, szpitalna, świętego krzyża, świętego marka nieparzyste od 21 do 39 i parzyste od 20 do 34, świętego tomasza nieparzyste od 21 do 43 i parzyste od 18 do 34",15,50.0636244,19.9404363
15,"bracka, franciszkańska 1 i 3, gołębia, grodzka nieparzyste od 1 do 17, jagiellońska, olszewskiego, pijarska nieparzyste od 1 do 17 i parzyste od 2 do 10, plac szczepański, plac wszystkich świętych od 6 do 11, reformacka, rynek główny, sławkowska, szczepańska, szewska, świętego jana, świętego marka od 4 do 19, świętego tomasza nieparzyste od 1 do 19 i parzyste od 2 do 16, świętej anny, wiślna",16,50.0602588,19.9362565
16,"plac na groblach, powiśle nieparzyste od 1 do 9 i parzyste od 2 do 12, podzamcze parzyste od 20 do 26, straszewskiego od 4 do 15, tarłowska, tenczyńska, zwierzyniecka parzyste od 2 do 34",17,50.05600159999999,19.9333137
17,"aleja krasińskiego nieparzyste od 1 do 25, marszałka piłsudskiego nieparzyste od 1 do 25 i parzyste od 4 do 40 , morawskiego 2, 4, plac kossaka od 1 do 16, retoryka nieparzyste od 1 do 23 i 4, 4 a , 4 b, 6, 6 a, smoleńsk nieparzyste od 27 do 37 i parzyste od 14 do 26, wygoda",18,50.05563369999999,19.9276929
18,"bożego miłosierdzia, felicjanek, mała, retoryka parzyste od 10 do 26, smoleńsk nieparzyste od 3 do 25 a i parzyste od 2 do 12, straszewskiego od 18 do 22, zegadłowicza, zwierzyniecka nieparzyste od 5 do 29",19,50.0585835,19.9297362
19,"aleja mickiewicza nieparzyste od 1 do 23, cybulskiego, czarnowiejska parzyste od 4 do 8, czysta, dolnych młynów parzyste od 6 do 10, garncarska nieparzyste od 1 do 23 (bez 11), humberta, krupnicza nieparzyste od 23 do 37 i parzyste od 32 do 44, marszałka piłsudskiego nieparzyste od 27 do 29, skarbowa (bez 1), wenecja",20,50.060491,19.9235729
20,"czapskich, garncarska parzyste od 2 do 26, jabłonowskich, kapucyńska, krupnicza parzyste od 2 do 30, loretańska, podwale, plac generała sikorskiego, straszewskiego od 23 do 29, studencka",21,50.0606149,19.9301171
21,"aleja mickiewicza nieparzyste od 25 do 37, czarnowiejska nieparzyste od 1 do 25, 25 a, dolnych młynów nieparzyste od 3 do 11, karmelicka parzyste od 6 do 42, kochanowskiego nieparzyste od 1 do 7 i parzyste od 2 do 30, krupnicza nieparzyste od 1 do 21, michałowskiego nieparzyste od 11 do 19 i parzyste od 2 do 18, rajska, szujskiego",22,50.0659565,19.9250903
22,"aleja mickiewicza nieparzyste od 41 do 63, grabowskiego, karmelicka parzyste od 44 do 70, kochanowskiego nieparzyste od 9 do 25, michałowskiego nieparzyste od 1 do 9, pawlikowskiego",23,50.0671845,19.9256171
23,"aleja słowackiego nieparzyste od 1 do 13 a, b, c, d, feldmana, jana sobieskiego, karmelicka nieparzyste od 53 do 57, kremerowska, lenartowicza parzyste od 2 do 14 i nieparzyste od 1 do 13, łobzowska parzyste od 28 do 40, siemiradzkiego ( bez 1)",24,50.0691164,19.9268593
24,"aleja słowackiego nieparzyste od 15 do 25, krowoderska parzyste od 46 do 74, łobzowska nieparzyste od 41 do 61, spasowskiego, staszica, szlak nieparzyste od 1 do 13 i parzyste od 2 do 12, świętej teresy",25,50.0714936,19.929856
25,"dunajewskiego, garbarska, karmelicka nieparzyste od 1 do 51, łobzowska parzyste od 2 do 26, stefana batorego",26,50.06459779999999,19.9343144
26,"asnyka, biskupia, basztowa od 1 do 10, długa parzyste od 2 do 38, fenn`a, krowoderska nieparzyste od 1 do 33 (bez 7) i parzyste od 2 do 44, łobzowska nieparzyste od 3 do 39 a, 39 b, słowiańska 2",27,50.0667444,19.9348832
27,"aleja słowackiego nieparzyste od 27 do 45, długa parzyste od 70 do 88, kolberga, krowoderska nieparzyste od 61 do 79, szlak parzyste od 14 do 18, żuławskiego",28,50.0725563,19.9319675
28,"długa nieparzyste od 31 do 55 i parzyste od 40 do 64, krowoderska nieparzyste od 35 do 59, pędzichów parzyste od 2 do 22, szlak nieparzyste od 15 do 45",29,50.0696041,19.9377206
29,"długa 27, 29 i nieparzyste od 57 do 65, helclów (bez 2), kamienna nieparzyste od 1 do 13, montelupich (bez 7), ogrodowa, pędzichów nieparzyste od 1 do 27 i parzyste od 24 do 28, szlak nieparzyste od 47 do 75 i parzyste od 20 do 42, warszawska, wróblewskiego",30,50.068988,19.93837
30,"basztowa od 15, bosacka parzyste od 4 do 32 i 29, długa nieparzyste od 1 do 23, krótka, krzywa, kurniki, lubicz parzyste od 10 do 14 a, paderewskiego, pawia, plac nowaka-jeziorańskiego, plac matejki, rynek kleparski, świętego filipa, worcella, zacisze",31,50.06639089999999,19.940126
31,"aleja 29 listopada nieparzyste od 1 do 39 i parzyste od 6 do 36, będzińska, biskupa prandoty, bosacka 13, 15, kamienna 15, 16, 17, 19, 35, 45, kątowa, langiewicza, murowana, otwinowskiego 27,29, rakowicka parzyste od 18 do 30,30 c, rogatka, towarowa, wjazd, żelazna",32,50.0896874,19.9582005
32,"aleja płk. beliny-prażmowskiego nieparzyste od 53 do 71, brodowicza parzyste od 16 a do 36, nieparzyste 13, 13 a, eisenberga, garczyńskiego, generała bema, generała sowińskiego, grochowska nieparzyste, grunwaldzka od 17, księdza biskupa bandurskiego od 17, moniuszki nieparzyste od 21 do 69 i parzyste od 20 do 48, olszańska nieparzyste od 9 do 31 i parzyste od 12 do 34, ordona, orląt lwowskich, supniewskiego, wilka wyrwińskiego",33,50.0725711,19.9592164
33,"aleja płk. beliny-prażmowskiego nieparzyste od 1 do 7, generała chłopickiego, grunwaldzka od 1 do 10, kielecka od 1 do 18, misiołka, mogilska parzyste od 22 do 102, rymarska parzyste od 12 do 18 i 5, zaleskiego",34,50.06698429999999,19.9598857
34,"aleja płk. beliny-prażmowskiego nieparzyste od 9 do 51, brodowicza nieparzyste od 1 do 11 i parzyste od 2 do 16, grunwaldzka od 11 do 16, kasprowicza, kielecka od 19, księdza biskupa bandurskiego od 1 do 16, moniuszki od 1 do 19",35,50.0686602,19.9597155
35,"aleja płk. beliny-prażmowskiego parzyste od 2 do 70, ariańska, lubicz parzyste od 44 do 48, lubomirskiego 2 i od 19, mogilska parzyste od 2 do 20, olszańska nieparzyste od 1 do 7a i parzyste od 2 do 10, rakowicka nieparzyste od 27 do 43,43a, topolowa nieparzyste od 25 do 35 i parzyste od 32 do 52",36,50.0702813,19.9592361
36,"botaniczna, bosacka nieparzyste od 5 do 11, kopernika nieparzyste od 13 do 31( bez 19d) i parzyste od 22 do 50 ( bez 36), kurkowa, lubicz nieparzyste od 13 do 29 i parzyste od 16 do 42, lubomirskiego nieparzyste od 1 do 15, rakowicka od 1 do 25 (bez 18, 20, 22, 24), strzelecka , topolowa nieparzyste od 1 do 23 i parzyste od 2 do 30, zygmunta augusta",37,50.06457409999999,19.9549103
37,"bolesława chrobrego od 1 do 23, domki, grochowska parzyste, idzikowskiego, jaworskiego, księdza ignacego jana skorupki, na wiankach, norwida, rakowicka nieparzyste od 45 do 99, rusałek",38,50.0747894,19.959551
38,"bolesława chrobrego od 24, bratkowa, cieplińskiego, droga nad białuchą, dukatów, farmaceutów, kąt, kryniczna, lesista, lotnicza nieparzyste od 1 do 13 i parzyste od 2 do 22, łukasiewicza, nadbrzeżna, narzymskiego nieparzyste od 1 do 23 i parzyste od 2 do 32, olszyny, otwinowskiego (bez nr 27,29), stokrotek",39,50.075928,19.962395
39,"aleja pokoju parzyste od 20 do 32, dąbska, jachowicza, kosynierów, mogilska 109, nizinna, świtezianki, zwycięstwa",40,50.0601175,19.9762239
40,"aleja pokoju 31 b, nieparzyste od 37 do 45, na szaniec nieparzyste od 1 do 23, widok parzyste od 2 do 12",41,50.0700009,20.0147265
41,"bajeczna, grzegórzecka nieparzyste od 117 do 119 a, na szaniec parzyste od 2 do 14, miedziana, ofiar dąbia",42,50.0575961,19.976187
42,"półkole, widok nieparzyste od 5 do 41 i parzyste od 14 do 22 a",43,50.0603837,19.981724
43,"bobrowskiego, pułkownika nullo nieparzyste od 3 do 7 i parzyste od 4 do 6, 8a, aleja pokoju nieparzyste od 1 do 23, 27 a, b i 29,29 a,29 b,",44,50.058485,19.9670027
44,"aleja pokoju parzyste od 10 do 12, pułkownika nullo nieparzyste od 13 do 23 i parzyste od 10 do 20",45,50.060234,19.965104
45,"aleja pokoju parzyste od 14 do 18, cystersów, fabryczna nieparzyste od 15 do 25 i parzyste od 8 do 20 a, mogilska nieparzyste od 11 do 81, mosiężnicza, przy rondzie 7, 53, 55",46,50.060303,19.9664499
46,"fabryczna nieparzyste od 1 do 3 parzyste od 2 do 6, grzegórzecka parzyste od 72 do 104 i nieparzyste od 67 do 101, rogozińskiego, skrzatów, żółtej ciżemki",47,50.058636,19.970464
47,"aleja pokoju parzyste od 2 do 8, aleja powstania warszawskiego parzyste, kordylewskiego, profesora szafera, przy rondzie 2, sądowa 4 i nieparzyste od 1 do 9",48,50.0595422,19.963732
48,"aleja powstania warszawskiego nieparzyste, blich, bujwida, generała dwernickiego, generała sołtyka, grzegórzecka parzyste od 4 do 40, hetmana żółkiewskiego, kołłątaja (bez 7), śniadeckich (bez 10), świętego łazarza",49,50.0616443,19.9600567
49,"aleja daszyńskiego parzyste od 12 do 32, chodkiewicza, grzegórzecka nieparzyste od 7 do 51, masarska 3,6,6a,7,8, pola, prochowa, rzeźnicza nieparzyste od 1 do 35",50,50.0582181,19.9517986
50,"gęsia, kotlarska, masarska 14,16, rzeźnicza parzyste od 2 do 20, semperitowców",51,50.0535508,19.9570915
51,"aleja daszyńskiego nieparzyste od 7 do 29, halicka 21, 22,23, księdza blachnickiego, księdza gurgacza, metalowców, miodowa 53, 55, 55 a, podgórska 28, siedleckiego, wiślisko",52,50.0580601,19.9503513
52,"aleja 29 listopada nieparzyste od 71 do 93, celarowska nieparzyste, duchacka, fertnera, generała prądzyńskiego nieparzyste, sadowa, wiśniowa",53,50.0838279,19.953255
53,"aleja 29 listopada nieparzyste od 41 do 69 i parzyste od 38 do 86 ( bez nr 70), generała prądzyńskiego parzyste, klemensiewicza, wileńska, zaułek wileński",54,50.0807639,19.951128
54,"aleja 29 listopada 70, celarowska parzyste, czerwona, żmujdzka parzyste od 2 do 16 a i nieparzyste od 1 do 23, żytnia",55,50.085743,19.953846
55,"błękitna, brogi nieparzyste, czerwonego prądnika, gdańska, nadrzeczna, pogodna, prządek, radomska, trębacza, żułowska",56,50.08727769999999,20.0473033
56,"aleja 29 listopada nieparzyste od 95 do 145 i parzyste od 88 do 154, białych brzóz, chlebowa, ciołkowskiego, combrowa, dobrego pasterza parzyste od 2 do 88 i nieparzyste od 1 do 103, dominikanów, jasnorzewskiej, jezuitów, lublańska 11a,15, na barciach, nabielaka, nad strugą 7,17, ostroroga, pocieszka, powstańców 26, rezedowa, rokitniańska, rybianka, szklana, świętego andrzeja boboli, woronicza",57,50.08667519999999,19.9555391
57,"łepkowskiego, majora nuszkiewicza",58,50.0904867,19.9631749
58,majora,59,50.0905438,19.9652406
59,"bitschana, boznańskiej, dziedzica, kazimierza odnowiciela, olszecka, promienistych",60,50.0878885,19.9690156
60,"dobrego pasterza parzyste od 102 do 110, 112, 112 a, 114, 114 a, i nieparzyste od 105 do 123, łuszczkiewicza, naczelna, sudolska",61,50.088293,19.968884
61,"liliowa, powstańców nieparzyste od 1 do 115 a i parzyste 14, 20, 22, 36, 38, 40, 42, 44, 46, 52,52a, strzelców 15 a, 15 b, 17 a",62,50.093991,19.9640025
62,"strzelców (bez 15 a, 15 b, 17 a), reduta 5,6",63,50.0929505,19.9752289
63,powstańców parzyste od 30 do 34 a,64,50.0938279,19.9682749
64,"aliny, balladyny,aleja gen.bora-komorowskiego bez 9a,15, 15a,b, brzechwy, dobrego pasterza parzyste od 118 do 122 i nieparzyste od 125, harnasiów, janosika, krzesławicka (bez 2 a, 2 b), liryczna, nikifora, słoneckiego",65,50.0905929,19.9820099
65,"antyczna, bachledy, kwartowa, marchołta, pana cogito, reduta 31, rozrywka, sabały",66,50.0927464,19.978013
66,"dzielskiego, młyńska boczna 3, 5, 7, 9, xx pijarów",67,50.0835999,19.9774788
67,"akacjowa (bez 10,12), cieślewskiego parzyste, pszona, pilotów nieparzyste od 53 do 97 i parzyste od 20 a do 68, ułanów nieparzyste od 33 do 63 i parzyste od 52 do 80, wysoka",68,50.0837057,19.979548
68,"młyńska boczna 4, młyńska parzyste od 2 do 14, sadzawki",69,50.0829627,19.9734399
69,"brogi parzyste, dobra, jaśminowa, kanonierów, mieszka i, partyzantów, piękna, pilotów 2, 4, ptasia, saperów, sokołowskiego, szwoleżerów",70,50.0810619,19.9620283
70,"bohaterów wietnamu, miechowity parzyste od 8 do 10 i 18, młyńska 5, 7, 7 a, 9, 156, pilotów parzyste od 6 do 20, stanisława ze skalbmierza",71,50.0816094,19.9695547
71,"bosaków, czereśniowa, lublańska parzyste od 6 do 20 , malawskiego, miechowity od 1 do 6, olsztyńska, środkowa, turkusowa, wieniawskiego",72,50.08383310000001,19.9620809
72,"lublańska parzyste od 22 do 30, miechowity nieparzyste od 7 do 21, młyńska 11",73,50.084449,19.965432
73,"bajana, chałupnika, kajty, krzywoń, majowa, meissnera 4, 6 i 20, nieznana, pilotów nieparzyste od 1 do 51, podmiejska, raciborskiego, rozmarynowa, startowa, swojska, widna, wiejska, żwirki i wigury",74,50.07893019999999,19.9742879
74,"fiołkowa, spadochroniarzy, ugorek parzyste od 2 do 4, ułanów nieparzyste od 17 do 31 i parzyste od 46 do 48, seniorów lotnictwa",75,50.0787646,19.9819142
75,ugorek parzyste od 6 do 20,76,50.0762163,19.9823732
76,"ugorek nieparzyste od 1 do 3, ułanów nieparzyste od 7 do 15 i parzyste od 16 do 42, włodkowica nieparzyste od 1 do 7",77,50.0760971,19.9835339
77,"janickiego, łąkowa, meissnera nieparzyste 17, 21, 33, 35 i parzyste od 2 do 10 (bez 4, 6) i 14, nieduża, ułanów nieparzyste od 1 do 5, 5 a i parzyste od 2 do 14, włodkowica parzyste od 2 do 8",78,50.07445,19.9805319
78,"śliczna, kantora",79,50.0735762,19.977258
79,"aleja jana pawła ii parzyste od 2 do 60, 62,62a, 62 b, 64, 66, 68 i nieparzyste 11, 13,19a, czyżyńska, ładna, meissnera nieparzyste od 1 do 15 i parzyste od 34 do 48, mogilska nieparzyste od 101 do 121 a, b, c, d, e, f, g, h, i, j, k, 127 f, bez nr 109, parzyste od 104, ogrodnicza, ostatnia, szenwalda, szkółkowa",80,50.0684811,20.0514564
80,"budrysów, dziewanny, margaretek, na polach, na wyrębę, nawojowska, ojcowska, okrężna, pasternik parzyste, pejzażowa, stawowa parzyste od nr 180 i nieparzyste od nr 189 , szarotki, zaborska,",81,50.1006227,19.8827921
81,"biskupa gawliny, chełmońskiego od 74, chmurna, dzielna, generała kiwerskiego, generała kukiela, generała olszyny-wilczyńskiego, generała pełczyńskiego,hoża, jasnogórska, kaczmarczyka, kalenkiewicza, kasznicy, lazurowa, piaskowa, radzikowskiego eljasza parzyste od 150 (bez 166,168), 168a, słotna, smętna, sosnowiecka, stawowa, parzyste od 18 do 178 i nieparzyste od 55 do 181 , stelmachów od 34 do 442, śmiała, tumanowicza, waleczna, zaorana",82,50.0908206,19.9061398
82,"władysława łokietka 39 i 60, pod fortem, racławicka 57, 92, stachiewicza nieparzyste od 7 do 33, styki, wybickiego 7, 17 i od 30 do 52",83,50.082861,19.9258889
83,"berwińskiego, mehoffera parzyste od 2 do 6 i nieparzyste od 3 do 11, modrzejewskiej parzyste od 2 do 14, 14 a i nieparzyste od 1 do 17, 21, stachiewicza parzyste od 26 do 52 i nieparzyste od 35 do 41, wielkotyrnowska parzyste od 2 do 24 (bez 16 i 16 a), 28 i nieparzyste od 3 do 37",84,50.0873101,19.9160927
84,"chełmońskiego od 1 do 41, chełmońskiego - deptak, ehrenberga, elsnera parzyste od 20 do 24, murarska, nałkowskiego, niska, radzikowskiego eljasza parzyste od 10 do 30, stachiewicza parzyste od 6 do 24, stanisławskiego, wodzinowskiego, wysockiego",85,50.0913391,19.9036337
85,"elsnera nieparzyste od 7 do 21, gdyńska, makowskiego 20, 22, mehoffera od 12, różyckiego, weissa parzyste od 14 do 20",86,50.08588959999999,19.9104519
86,"elsnera 1, 3, parzyste od 4 do 18, gnieźnieńska parzyste od 2 do 18 i nieparzyste 1a, od 3 do 33, jaremy nieparzyste od 1 do 19a, lentza, radzikowskiego eljasza 3, 7, 15 i parzyste od 34 do 62, weissa 8, zygmuntowska od 2 do 23 (bez 22)",87,50.0833585,19.909422
87,"podkowińskiego, radzikowskiego eljasza parzyste od 68 do 144 i nieparzyste od 17 do 95",88,50.0852667,19.8950113
88,"gnieźnieńska parzyste od 18 b do 26, jaremy 12, 14, 14a, 14b, pużaka 27, 29, zygmuntowska parzyste od 22 i nieparzyste od 25",89,50.0860859,19.906748
89,"pużaka parzyste od 2 do 8 i nieparzyste od 3 do 25, radzikowskiego 66",90,50.0841278,19.9049585
90,"brzoskwiniowa, czerwieńskiego, conrada, fiszera, jaremy nieparzyste od 21 do 25 i 41b, słowicza, wilcza",91,50.06755949999999,19.9280839
91,palacha,92,50.0893374,19.9173778
92,"makowskiego 1, 5, 8, 18, modrzejewskiej parzyste od 16, stachiewicza 45, 47, 58, 60, wielkotyrnowska 16, 16a, 39",93,50.0874091,19.9205216
93,"księdza siemaszki parzyste od 4 do 34 i nieparzyste od 13 a do 33, pielęgniarek 5, 6, 7",94,50.0827929,19.9397982
94,"bratysławska, doktora twardego, lekarska, prądnicka nieparzyste od 27 do 89 (bez 35/37) i parzyste od 28 do 76, księdza siemaszki nieparzyste od 37 do 43 a i parzyste od 38 do 64",95,50.0849288,19.9355798
95,"biała, generała fieldorfa-nila, korczaka, prądnicka nieparzyste od 95 do 125 i parzyste od 78 do 80a (bez 80), zdrowa",96,50.0892612,19.9398802
96,"bobrzeckiej, głęboka, frycza-modrzewskiego, jaracza 3,4, 6, 7, 9,10, 11,12,14, 16, 20, 24,28,30,34, konecznego, reja, solskiego, żabiniec, żmujdzka parzyste od 18 do 32 i nieparzyste od 25 do 45",97,50.0872136,19.9428257
97,"bociana, jabłonna, kręta, nad strugą 9, polna, siewna parzyste od 2 do 20 i nieparzyste od 21 do 23b, zawodzie",98,50.0949915,19.9550557
98,"herwina-piątka, górnickiego parzyste od 8 do 26 i nieparzyste od 9 do 35, lechonia, pachońskiego 28, 30, 32, 32a, 32b, 34, 69, rokosza",99,50.0964973,19.9394162
99,mackiewicza od 13,100,50.0925381,19.9446876
100,"bałtycka, bursztynowa, grażyny, imbramowska, jazowa, kołaczy, legnicka, litawora, mackiewicza od 1 do 12, narutowicza, papiernicza, syreny, szafirowa, turystyczna, zgody, żywa",101,50.0916314,19.9449516
101,"białoprądnicka, bularnia, górnickiego 2, 3, 6, kluzeka (bez 6), nad sudołem od 32 do 75 i 98, pleszowska, proszowicka, szopkarzy",102,50.0947649,19.9358
102,"glogera, jarzynowa, jasna, kosmonautów, malinowa, matki tajber, mączna, pasteura, piaszczysta, pigonia, rybałtowska, zaremby, zielińska, zimorowicza, żwirowa",103,50.1015535,19.9280644
103,"danka, grochowiaka, nad sudołem od 12 do 30, pachońskiego 8, 14, 14a, 16, 18",104,50.0937345,19.9270169
104,"bliska, bukietowa, jordanowska, na chałupkach, nad sudołem 6, 8, 10, nawigacyjna, owsiana, pachońskiego 2,2b, 4, 4a, 5, 6, 6a, pękowicka (bez 77 i 204), północna, skrajna, stelmachów parzyste 18 do 24, tomkowicza, vetulaniego, wewnętrzna, władysława łokietka od 83 do 124, wyki",105,50.0917283,19.9164977
105,"krowoderskich zuchów parzyste 12,14, 18, 20, opolska",106,50.0893047,19.9305073
106,"batalionu ""skała"" ak, krowoderskich zuchów 23, 24, 25, 26, 28",107,50.0891292,19.9229124
107,"kluczborska, krowoderskich zuchów 4,11,13,15, 15a,15c,17,19",108,50.0870581,19.9335768
108,"krowoderskich zuchów 3, 3 a, 5, 7, 9, wybickiego 2",109,50.08551689999999,19.930246
109,"rusznikarska nieparzyste od 1 do 11, władysława łokietka nieparzyste od 47 do 59, wybickiego 14, 16",110,50.084395,19.9262099
110,"rusznikarska 6, 8, 10, 10 b, 12, 12 a,12 b, 13,13b, 14, 14 a, 15, 16, 18, 20, 21, rusznikarska - deptak, wybickiego 1, 1 b, 3, 3 a, 5, 10",111,50.085043,19.927218
111,"astrowa, azaliowa, chabrowa, frycza, gaik, generała paszkowskiego, gospodarska, gryczana, jęczmienna, jurajska, kaczorówka, konopna, lniana, maciejkowa, miętowa, na budzyniu, na mostkach, na zielonki, orlich gniazd, pękowicka 77 i 204, potoczek, poziomkowa, skotnica, waliszewskiego, władysława łokietka od 126, zefirowa",112,50.1081489,19.8977166
112,"arsenał, banacha, belwederczyków, bibicka, dożynkowa bez 61 , dróżnicka, głogowa, górka narodowa, górnickiego parzyste od 28 i nieparzyste od 37, koło białuchy, koralowa, nowa górka, okulistów, osiedle witkowice nowe, porzeczkowa, potockiego, rysiewicza, siewna parzyste od 52, 25 i 25 a, suche łąki, turowiec, urodzajna, wądół, wiitkowicka, zielone wzgórze",113,50.1045724,19.8659249
113,"kuźnicy kołłątajowskiej parzyste od 18 i nieparzyste od 17, marczyńskiego, natansona, słomczyńskiego",114,50.098701,19.9590299
114,"aleja 29 listopada od 161 do 214, 226, arcybiskupa felińskiego, batowicka, księdza meiera, kuźnicy kołłątajowskiej parzyste od 2 do 16d i nieparzyste od 1 do 15c, węgrzecka",115,50.0965818,19.9624477
115,"buszka, bydgoska , gramatyka, lea parzyste od 46 do 100, misjonarska, nawojki 4 i od 6 do 8 oraz 23, 25, piastowska nieparzyste od 47 do 51 , rolnicza, skarbińskiego",116,50.0680762,19.8989388
116,"armii krajowej nieparzyste od 5 do 53,bakałarzy, brązownicza, budryka , hamernia 1, kawiory, konwisarzy, miechowska, mydlnicka nieparzyste, nawojki 9, odlewnicza (bez nr 1,3), piastowska 22, 26,26a pyjasa, reymonta nieparzyste od 21, rostafińskiego , spiżowa, tokarskiego , toruńska",117,50.069896,19.900726
117,"chmiela, lea nieparzyste od 93 do 121, obopólna, piastowska nieparzyste od 53 do 57, smoluchowskiego, warmijska",118,50.0727521,19.9083828
118,"kronikarza galla nieparzyste od 15 do 23, królewska parzyste od 90 do 94, lea nieparzyste od 75 do 81, staffa",119,50.073102,19.9139465
119,"akademicka, aleja 3 maja , aleja mickiewicza parzyste, beniowskiego, chodowieckiego, cichy kącik, czarnowiejska parzyste od 18 do 84, domeyki, goetla, igrców, ingardena, kadrówki, oleandry, olimpijska, piastowska nieparzyste od 19 do 39a, radwańskiego, reymana, reymonta parzyste od 4 do 44 i nieparzyste 1, 5, 7, 11, 15, 17, 19,19a, tkacka",120,50.0659181,19.9171197
120,"aleja kijowska 3, 8, 10, chocimska nieparzyste od 1 do 31 i parzyste od 4 do 32, czarnowiejska nieparzyste od 73 do 103, lea parzyste od 20 do 36 a, ogrodniczek, plac nowowiejski, spokojna, urzędnicza parzyste od 2 do 30, za targiem",121,50.0689759,19.9127037
121,"aleja kijowska parzyste od 12 do 16 i nieparzyste od 9 do 13, chocimska nieparzyste od 33 do 39 i 38, kronikarza galla parzyste od 18 do 24, królewska parzyste od 56 do 88, lea nieparzyste od 21a do 55, nowowiejska nieparzyste od 29 do 37, parzyste od 20 do 32, urzędnicza parzyste od 34 do 48",122,50.0714473,19.9149116
122,"aleja kijowska parzyste od 30 do 34, bytomska, kadecka 1, 4, 6, 8, 10, kazimierza wielkiego nieparzyste od 67 do 97 i parzyste od 108 do 144, kronikarza galla nieparzyste od 1 b do 11, królewska nieparzyste od 61 do 69, racławicka parzyste od 2 do 32 a, zakątek od 1 do 3",123,50.074954,19.9171929
123,"czyżewskiego, kazimierza wielkiego nieparzyste od 103, przeskok, podchorążych 1, siemieńskiego, zakątek od 4 do 9, 11, 13",124,50.0813231,19.912227
124,"kazimierza wielkiego parzyste od 58 do 104, kronikarza galla parzyste od 2 do 12, królewska nieparzyste od 45 do 59, nowowiejska od 1 do 16, urzędnicza parzyste od 52a do 64",125,50.0729994,19.9198143
125,"aleja grottgera parzyste od 2 do 66, berenta, biernackiego, kazimierza wielkiego nieparzyste od 1 do 61, kościelna, kujawska, łobzowska 67, plac axentowicza 3, 5, 7, racławicka nieparzyste od 1 do 21 , sienkiewicza od 18 do 27, urzędnicza 65 i 68, 68a , wyspiańskiego, zbrojów",126,50.0722432,19.9285743
126,"józefitów od 1 do 12, kazimierza wielkiego parzyste od 2 do 54a, królewska nieparzyste od 1 do 43, pomorska parzyste od 2 do 10 , urzędnicza nieparzyste od 49 do 59",127,50.07149,19.9239599
127,"aleja grottgera 1, 3, 11, 11a,35, 37, aleja słowackiego parzyste od 24 do 36, gzymsików, mazowiecka parzyste od 2 do 46, sienkiewicza parzyste od 30 do 34",128,50.0721036,19.9296124
128,"aleja słowackiego parzyste od 2 do 18a, lenartowicza od 16 do 23, łobzowska parzyste od 46 do 52, plac axentowicza 4, 6, plac inwalidów 6, 7, 8, pomorska nieparzyste od 1 do 9, sienkiewicza od 1 do 15",129,50.0696853,19.9264348
129,"chopina parzyste od 20 do 38 i nieparzyste od 17 do 33, czapińskiego, czarnowiejska nieparzyste od 55 do 63, konarskiego parzyste od 2 do 34, lea parzyste od 12b do 18, urzędnicza nieparzyste od 1 do 29",130,50.0682702,19.9210214
130,"józefitów od 14 do 21, konarskiego od 39 do 54, królewska parzyste od 2 do 54, lea nieparzyste od 5 do 19 a, plac inwalidów 3, 4, urzędnicza nieparzyste od 35 do 47",131,50.0702964,19.9237208
131,"chopina parzyste od 4 do 18 i nieparzyste od 1 do 13, czarnowiejska nieparzyste od 41 do 51, lea parzyste od 4 do 12 a, karłowicza, konarskiego nieparzyste od 1 do 37, symfoniczna, szymanowskiego",132,50.0688202,19.9228887
132,"aleja słowackiego parzyste od 38 do 66, cieszyńska, lubelska, mazowiecka nieparzyste od 1 do 21, prądnicka 4, słomnicka, śląska, świętokrzyska, wrocławska 8 i parzyste od 12 do 24",133,50.07287150000001,19.9313904
133,"oboźna, racławicka 55, składowa od 15, władysława łokietka od 1 do 32, wrocławska nieparzyste od 11 do 55",134,50.0786153,19.9279936
134,"augustynka-wichury, friedleina, kamienna 8, odrowąża, plater emilii, prądnicka parzyste od 8 do 26 i 9, składowa od 1 do 14, wrocławska nieparzyste od 5 do 9, zbożowa",135,50.0794225,19.9311714
135,"kmieca 19, litewska nieparzyste od 9 do 23, mazowiecka nieparzyste od 23 do 39, młynówka królewska (bez 2), wójtowska nieparzyste od 1 do 13, wrocławska parzyste od 26 do 56",136,50.0781196,19.9228814
136,"kmieca (bez 19), litewska parzyste od 20 do 34 i 66 i nieparzyste od 37 do 49, mazowiecka nieparzyste od 41 do 55, racławicka 39, 41, 47, wójtowska 4, wrocławska parzyste od 58 do 62",137,50.0772702,19.922465
137,"aleja kijowska parzyste od 44 do 66, mazowiecka nieparzyste od 113 do 131, racławicka parzyste od 40 do 54, wrocławska nieparzyste od 75 do 97 i parzyste od 64 do 76",138,50.0776335,19.9177182
138,"aleja kijowska nieparzyste od 29 do 61, mazowiecka parzyste od 60 do 108, młynówka królewska 2, racławicka 29, 31, rzeczna, wojskowa, wrocławska 78, 78 a, 80",139,50.0767929,19.9164709
139,"boya-żeleńskiego, generała wieniawy-długoszowskiego 6,10, 22, groszkowa, katowicka, księdza truszkowskiego, narcyzowa, palmowa, pasternik nieparzyste, peipera, pod strzechą, radzikowskiego eljasza 166,168 i nieparzyste od 97, tetmajera, witkiewicza, zielony most od 4 do 12a, żeleńskiego",140,50.0867178,19.8801235
140,"balicka nieparzyste od 1 do 53 i parzyste 12, 12 a, 12 b, 12 c,14a,14b, na błonie 1, 3, 3 a, 3 b, 3 c, 9 a, zielony most 2",141,50.0825277,19.8869352
141,armii krajowej nieparzyste od 77 do 87,142,50.077015,19.887859
142,"armii krajowej nieparzyste 89, 93, bronowicka 136, jabłonkowska, na błonie 15, 15 a, 15 b, 15 c",143,50.0794449,19.8889331
143,"na błonie 9, 11, 11 a, 13, 13 a, 13 b",144,50.079799,19.882226
144,"arciszewskiego, balicka nieparzyste od 61 do 99 i parzyste od 40 do 102 a, brzegowa, bzymka-strzałkowskiego, filtrowa, hamernia (bez 1), justowska, kowalskiego, księdza machaya, kwiatkowskiego, kuźnicza, legendy, lindego, młynarskiego, na błonie 6, 10, 12, 14, 16, 19 i od 20 do 61b, nad zalewem (bez 1, 1 a,2e,4,4f,g,h,i,j,k,l s,8), ochlewskiego,odlewnicza 1,3, olkuska, orna, pamiętna, piwnika ponurego, popiela, prystora, przesmyk, przyjemna, rotmistrza pileckiego, strużeckiego, trawiasta, wiedeńska, zarudawie, zarzecze od 97 do 136",145,50.0750605,19.884667
145,"balicka 116,116a,117, od 126, barciszewskiego, brzezińskiego, brzozowskiego, dolińskiego, generała wieniawy-długoszowskiego (bez 6,10, i 22), godlewskiego, gradowa, hemara, kurozwęckiego, majora łupaszki, na nowinach, profesora spiczakowa, profesora myczkowskiego, przy młynówce , wapiennik,weryhy-darowskiego, wierzyńskiego, wójcickiego, zakliki z mydlnik, zaklucze, zygmunta starego",146,50.079487,19.866964
146,"altanowa, bronowicka parzyste od 2 do 12 b, jadwigi z łobzowa, krzywy zaułek, lea nieparzyste od 123 do 165, młodej polski,niedziałkowskiego,piastowska parzyste od 34 do 50, rydla nieparzyste od 1 do 17, staszczyka, szlachtowskiego, żelechowskiego",147,50.0738676,19.9035971
147,"bandtkiego od 20, bronowicka 20, 38, 38 a, cicha, rydla parzyste od 2 do 24",148,50.07511419999999,19.8988041
148,"bronowicka nieparzyste od 5 do 69, czeladnicza, czepca 3, 9 a, 9 b, 9 c, 9 d, głowackiego parzyste, górna, grenadierów, halczyna, kmietowicza, krakusów, rodakowskiego, rydla nieparzyste od 21 do 53 i 26, 28, 42, wallek-walewskiego, wjazdowa, zaczarowane koło, złoty róg od 1 do 23",149,50.0766439,19.905074
149,"bronowicka nieparzyste od 71 do 139, czepca parzyste od 2 do 20, wernyhory, złoty róg od 25 do 54, 54a",150,50.080059,19.8957099
150,"drzymały, kunickiego, mysłakowskiego (bez 13), przybyszewskiego od 15 do 53 ,61, 63, 65, 67, sewera, szablowskiego, świętego wojciecha, wesele, włościańska, zarzecze parzyste od 2 do 90 i nieparzyste od 1 do 77",151,50.0738284,19.8926782
151,"armii krajowej 2, 6,8a, kołowa, mysłakowskiego 13, lea parzyste od 110 do 244 i nieparzyste od 167 do 259, piastowska parzyste 30,32, przybyszewskiego 71",152,50.0705979,19.9035379
152,"bandtkiego od 1 do 17, bronowicka parzyste od 48 do 88, 90 i 104, przybyszewskiego od 1 do 14 a, sołtysa dytmara, stańczyka, zapolskiej",153,50.0781655,19.8990405
153,"aleja konarowa, aleja wędrowników, astronautów, bagatela, bażancia, bielańska, bielańskiego, czajek, czyżyków, daleka, dworna, jemiołuszek, kaszubska, krucza, księcia józefa parzyste od 128 do 212 a, nieparzyste od 291 do 379, maćkowa góra, marszałka wolskiego, mirowska, na górkach, na grabinach, na wirach,niemena, okrąg, orla (bez150), oszustowskiego, pod janem, pod szwedem, przepiórcza, puchalskiego, puszczyków, rędzina, sępia, skalna, sokola, zakręt, zaogrodzie, zaszkolna",154,50.0467119,19.838649
154,"aleja kasztanowa nieparzyste od 47 do 71b,73 i parzyste od 54 do 78, baranieckiego, becka 17, 17a, 19, 25,27, 29,54, 58,60 i nieparzyste od 41 do 57, chełmska, chwistka, czecha, grabowa parzyste, junacka, jurowicza, królowej jadwigi nieparzyste od 279 do 329, malownicza, marynarska,nad zalewem 2e,4,4f,g,h,i,j,k,l,s, niezapominajek, olszanicka od 1 do 9, orla 150, oświęcimska, podłużna, pod stokiem, przyszłości, pylna, rysi stok, rzepichy, wilczy stok, wiosenna, za skłonem, zakamycze, zielony dół",155,50.066879,19.8557234
155,"amazonek, głogowiec, insurekcji kościuszkowskiej, jagiełka, jantarowa, korzeniaka, kosmowskiej, krzyżówka, księdza skargi, leśmiana, majówny, na borach, na polankach, nad źródłem, olszanicka od 10, pod skałą, pod szańcami, podkamyk, porzecze, powstania listopadowego, powstania styczniowego, raczkiewicza, stryjeńskiej,szaserów, wyżgi",156,50.0640736,19.8066641
156,"borówczana, bruzdowa, cygańska, dobrzyckiego, gajówka, herzoga, jodłowa, kamedulska, kasprzyckiego, koziarówka, księcia józefa nieparzyste od 115 b do 289 i parzyste od 84 do 120, müncha, muzyczki, nietoperzy, olchowa, pajęcza, przegorzalska, rybna, skibowa, szyszko-bohusza, uboczna, winowców, zaskale, żemaitisa, żywiczna",157,50.0509004,19.8763807
157,"borelowskiego-lelewela 19, kałuży, łowiecka 3, 5, rotmistrza dunin-wąsowicza 3, 5, 7, 9, 11, 19 nieparzyste od 41 do 49 i parzyste od 8 do 52, stachowicza 3, 5, syrokomli parzyste od 22 do 26, ujejskiego nieparzyste od 1 do 15, włóczków parzyste od 20 do 22",158,50.05562459999999,19.9224971
158,"fałata 2, 2 a, 2 b, filarecka, kraszewskiego nieparzyste od 1 do 29 i parzyste od 2 do 16, łowiecka 2, prusa nieparzyste od 1 do 15, salwatorska nieparzyste od 1 do 7 a, parzyste od 4 do 16, senatorska nieparzyste od 1 do 21",159,50.0570773,19.9188171
159,"aleja marszałka focha 14 i od 24 do 32, fałata 4,4/i,4/ii,4/iii,4/2,4/3, 6 i nieparzyste od 3 do 13, kraszewskiego parzyste od 22 do 36, prusa nieparzyste od 17 do 39 i 28, 30, salwatorska nieparzyste od 9 do 15, wyczółkowskiego od 2 do 8",160,50.0580225,19.9175683
160,"aleja marszałka focha 34, 38 b, nieparzyste od 35 do 39 c, fałata 12,12d, 14, 14 a, kasztelańska, mlaskotów, prusa parzyste od 2 do 18, salwatorska parzyste od 18 do 22 i nieparzyste od 17 do 35, senatorska nieparzyste od 23 do 43, wyczółkowskiego parzyste od 10 do 14",161,50.0574441,19.9130564
161,"aleja krasińskiego parzyste od 4 do 32, kościuszki 1, 3, morawskiego parzyste od 10 do 12, rotmistrza dunin-wąsowicza 2, 4, 6, syrokomli nieparzyste od 1 do 25",162,50.0552954,19.9270159
162,"borelowskiego-lelewela nieparzyste od 3 do 17, kościuszki nieparzyste od 15 do 27, morawskiego 5, stachowicza parzyste od 2 do 14, syrokomli parzyste od 10 do 20, tatarska, ujejskiego parzyste od 2 a do 12, włóczków parzyste od 2 do 18 i 11 a",163,50.0542738,19.9233408
163,"borelowskiego-lelewela parzyste od 2 do 24, dojazdowa, flisacka, jaskółcza, komorowskiego, kościuszki parzyste od 18 do 86 i nieparzyste od 31 do 73, plac na stawach, senatorska parzyste od 2 do 26, stachowicza nieparzyste od 13 do 17",164,50.0540195,19.9232623
164,"aleja małeckiego, doktora kudlińskiego, doktora owcy-orwicza, drożyna, emaus (bez 51, 53, 55, 57), fabijańskich, gandhiego, gryfity, hofmana, kopiec kościuszki, korzeniowskiego, królowej jadwigi nieparzyste od 1 do 153 c , parzyste od 4 do 184, leszczynowa, ludwika węgierskiego, malczewskiego nieparzyste od 3 do 11 i parzyste od 4 do 12, odyńca, panoramiczna, piastowska parzyste od 2 do 10 i nieparzyste od 1 do 15, przegon, romera, sawickiego, słonecznikowa, tondosa, zaścianek, zimorodków",165,50.0547744,19.8968362
165,"aleja waszyngtona, anczyca, benedyktowicza, białe wzgórze, do przystani, gontyna, kościuszki 88, księcia józefa parzyste od 6 do 54 a i nieparzyste od 1 do 115,malczewskiego 47a, polnych kwiatów, świętej bronisławy, ukryta, wioślarska, wodociągowa",166,50.0533434,19.9004537
166,"28 lipca 1943 roku, bąkowskiego, berberysowa, bielaka, borowego, cedrowa, ciechanowskiego, czeremchowa, emaus 51, 53, 55, 57, koło strzelnicy, kopery, korbutowej, królowej jadwigi parzyste od 186 do 246 i nieparzyste od 155 do 213, krzywickiego, lajkonika, lisia, mrówczana, nasza, pększyca-grudzińskiego, pod sikornikiem, pod sulnikiem, podłącze, poniedziałkowy dół, poręba, robla, rogalskiego, starowolska, strzelnica, wyrobka, wyrwy furgalskiego, złota",167,50.06356599999999,19.8715661
167,"agrestowa, aleja kasy oszczędności miasta krakowa, aleja do kopca, aleja kasztanowa nieparzyste od 1 do 43 i parzyste od 4 do 52, aleja modrzewiowa ( bez 22), aleja panieńskich skał, aleja pustelnika, aleja sosnowa, aleja żubrowa, astronomów, bodziszkowa, cisowa, dolina, estreicherów, grabowa nieparzyste, halki, jeleniowa, jesionowa, jontkowa górka, kogucia, kopalina, kotlarczyków, krańcowa, królowej jadwigi parzyste od 248 do 330 i nieparzyste od 215 do 277c, kukułcza, leśna, łazarskiego, migdałowa, morelowa, na wierzchowinach, nad zalewem 1, 1 a, 8, nitscha, sarnie uroczysko, świerkowa",168,50.0684333,19.873029
168,"anusi, babinicza, billewiczów, braci kiemliczów, burgundzka, butrymów, dęboroga, gwieździsta, kamieniecka, ketlinga, kobierzyńska nieparzyste od 165 i parzyste od 144, korpala od 1 do 20, koszarówka, krymska, laudańska, normandzka, obozowa nieparzyste od 1 do 63,parzyste nr 2,8,12,16,16a,20,22,22a,24,24a,b,c,38,38a, pod dębami, pod strugą, profesora bartla (bez nr 19,19a,19b,19c), profesor bieniarzówny, profesora wicherkiewicza, pułkownika spychalskiego, skośna, soroki, wandejska, zaporoska, zawiła nieparzyste od 51 i parzyste od 42, zbaraska",169,50.0009733,19.8974596
169,"chmieleniec, czerwone maki 55,69,71,73,82,84, lubostroń, profesora bobrzyńskiego, szwai, szuwarowa",170,50.0186109,19.8983717
170,"arktyczna, biedronki, biesiadna, centkiewiczów, doktora babińskiego od 1 do 28 ( bez 25) , 29/2, 29/19, 29/20, 29/21, 29/22, 29/22a, 29/23, 29/24, 29/25,29/26, 29/27, 29/29,29/30, 29/31, 29/32, 29/37, 29/44,29/45, 29/45a,29/vc oraz od 30 do 52 , doktora piltza, drozdowskich, kolista, komuny paryskiej, krumłowskiego, kwiecista, macierzanki, orleańska,pawła z krosna, polarna, profesora czeppe, sidzińska, spacerowa, tymotkowa, zamiejska",171,50.0040091,19.8953212
171,"drukarska, gutenberga, jahody, profesora wiśniewskiego, przemiarki, zachodnia, zalesie nieparzyste od 39 i parzyste od 20,",172,50.0238936,19.9039096
172,"bułgarska, dereniowa, kobierzyńska nieparzyste od 141 do 163 i parzyste od 128 do 142, krokusowa, liściasta, łany, magnolii, obozowa nieparzyste od 75, pastelowa, podhalańska nieparzyste, pszczelna, raciborska, ruczaj nieparzyste od 21 do 45 i parzyste od 22 do 54, 62 a, sąsiedzka, studzianki, torfowa, turonia nieparzyste, zalesie nieparzyste od 1 do 37 , parzyste od 2 do 18 , zbrojarzy nieparzyste od 85",173,50.0260056,19.9176594
173,"kobierzyńska nieparzyste od 91 do 139 a,b i parzyste od 104 do 126",174,50.0275045,19.9136337
174,"gronostajowa, grota roweckiego 40 i nieparzyste od 35",175,50.0260924,19.8954329
175,"baczyńskiego, balanówka, brűcknera, dobrowolskiego, doktora babińskiego od 53, domowa, grzegorzewskiej, harcmistrza orszy-broniewskiego, hufcowa, jasienicy, karola bunscha, kozienicka, księdza wujka, łukowiec, obrońców tobruku, ojca bocheńskiego, paska, porfirowa, rosista, skotnicka nieparzyste od 69 do 229 i parzyste od 88 do 250, starzyńskiego, szerokie łąki, szymonowica, unruga 106",176,50.0052958,19.8747918
176,"batalionów chłopskich, braterstwa broni, czwartaków, dworski ogród, krajobrazowa, kresowa, królówka, majora słabego, mochnaniec, obrońców helu, porucznika emira, skotnicka nieparzyste od 1 do 67 i parzyste od 2 do 86 b, unruga (bez 106), winnicka, zelwerowicza",177,50.0148179,19.8645692
177,"błotniska, chlebiczna, działowskiego, hollendra, kochmańskiego, kołaczkowskiego, medalionów, na klińcu, nałkowskiej, petrażyckiego parzyste od 56 i nieparzyste od 41, podgórki tynieckie od 1 do 23, prażmowskiego, profesora opałka, radłowa, sapalskiego, skąpskiego, skotnicka parzyste od 252 i nieparzyste od 231, solówki nieparzyste, topografów, tretówka, wapowskiego, warchałowskiego, wrony, zagumnie, zientary, żyzna",178,49.98838,19.8566827
178,"bagienna, benedyktyńska, bogucianka, bolesława śmiałego, browarniana, bór, danusi jurandówny, dziewiarzy, fedkowicza, grodzisko, heligundy, janasówka, juranda ze spychowa, lutego tura, maćka z bogdańca, nad czerną, obrony tyńca, podgórki tynieckie od 24 (bez 96), promowa, skołczanka, stępice, świętojańska, szczygielskiego, toporczyków, walgierza wdałego, wielogórska, zagórze, zakleśnie",179,50.0076428,19.8310801
179,"brzask, bobrowa, bodzowska, bojanówka, dąbrowa, falista, fosa, granitowa, gronowa, jachimeckiego, kaktusowa, kolarzy, kolna, kostrzecka, krzewowa, nierówna, profesora ślaskiego, pustelnia, tyniecka nieparzyste od 137 i parzyste od 118 f, widłakowa nieparzyste od 13 i parzyste od 10, wielkanocna, zaciernie",180,50.024508,19.850062
180,"bażanki, ćwikłowa, ekielskiego, harasymowicza, jemiołowa, krasowa, księżarskiego, moraczewskiego, na leszczu, odrzywolskiego, pokutyńskiego, prylińskiego, przełom, rodzinna, skalica, słońskiego, sodowa, świetlana, świętego piotra, talowskiego, tyniecka nieparzyste od 47 do 135 i parzyste od 46 do 118 e, widłakowa nieparzyste od 1 do 11 i parzyste od 2 do 8b, wzgórze, zakrzowiecka",181,50.0325074,19.8920642
181,"do groty, łosiówka, norymberska, patynów, pietrusińskiego, praska nieparzyste od 27 i parzyste od 52, tyniecka od 23 do 45, zielna nieparzyste od 107",182,50.069195,19.953965
182,"biała droga, boczna, bułhaka, czarodziejska, czechosłowacka, dębnicka, dworska, generała zielińskiego, jaworowa, kapelanka 1, 1 a, księdza pawlickiego, mieszczańska, mitkowskiego, monte cassino, nowaczyńskiego ( bez nr 1), obrońców poczty gdańskiej, praska nieparzyste od 1 do 23 i parzyste od 2 do 50, szwedzka nieparzyste od 1 do 49 i parzyste od 36 do 50, twardowskiego od 1 do 67, tyniecka od 10a do 21, wierzbowa, wygrana, zagonów, zielna parzyste, nieparzyste od 31 do 105",183,50.0490954,19.9209697
183,"ceglarska, kapelanka nieparzyste od 23 do 29 i parzyste od 2 do 40 , salezjańska, świętego jacka, twardowskiego od 68, wyłom",184,50.03919759999999,19.9233694
184,"bałuckiego, dębowa, konfederacka, pułaskiego nieparzyste od 7 i parzyste od 10, rolna, szwedzka parzyste od 2 do 34, skwerowa, tyniecka od 1 do 10, wasilewskiego, zagrody, zielna nieparzyste od 1 do 29",185,50.04916919999999,19.9259621
185,"barska nieparzyste od 1 do 45 i parzyste od 2 do 42, kilińskiego, konopnickiej nieparzyste od 1 do 45 i parzyste od 2 do 36, madalińskiego, powroźnicza, pułaskiego nieparzyste od 1 do 5 i parzyste od 2 do 8, rynek dębnicki, różana, sandomierska, zamkowa, zduńska",186,50.05199589999999,19.928071
186,kobierzyńska parzyste od 16 do 102,187,50.0363224,19.9288741
187,"kapelanka parzyste od 44, i nieparzyste 39 i od 57, lipińskiego bez nr 15, miłkowskiego",188,50.0364493,19.9255842
188,"generała rostworowskiego-odry, grota-roweckiego nieparzyste od 1 do 33 i 8, kamieniarska, kobierzyńska nieparzyste od 1 do 89, pychowicka",189,50.0312771,19.9216609
189,"barska parzyste od 44 i nieparzyste od 47, komandosów nieparzyste od 11 do 29, konopnickiej nieparzyste od 47 do 69, ludwinowska, na ustroniu, swoboda, turecka, zatorska",190,50.0497025,19.9313124
190,komandosów od 1 do 9,191,50.045631,19.930592
191,"komandosów parzyste od 10 do 18, słomiana nieparzyste od 1 do 15, szwedzka od 51",192,50.043219,19.9300989
192,"słomiana 2, 4, 6, 8, 10, 12, 14, 16, 18, 20, 22, 22a, 24, ,",193,50.044025,19.92482
193,"słomiana 19, 19a, 21, 21b, 23, 25, 27,27a,27b,27c, kapelanka 3, 3a, 3b, 5, 5a, 11, 13, 15,15a, rozdroże",194,50.041359,19.927245
194,"dekarzy, falowa, gajowa, goplana, huculska, irysowa, ludwisarzy, łukasińskiego, micińskiego, młynowa, piaseckiego, ruczaj parzyste od 2 do 20 i nieparzyste od 1 do 19, światowida, świebodzicka, tokarska , turonia parzyste, tynkarzy, zaborze, zbrojarzy nieparzyste od 1 do 83 i parzyste, zdunów od 19",195,50.0214419,19.9211779
195,"chłodna, kościuszkowców, kowalska, krochmalniki, miła, montwiłła-mireckiego, na zrębie, niecała, niemcewicza, nowogródzka, okrzei, podhalańska parzyste, rynek fałęcki, tęczowa, zakopiańska nieparzyste od 73 do 97, zdunów od 1 do 18, żywiecka od 1 do 11",196,50.0182303,19.9256049
196,"borkowskie błonia, cesarza, doktora łuczyńskiego, druhny hanki, goryczkowa, jagodowa parzyste od 2 do 12 i nieparzyste od 11 do 19, kępna, krępy, księdza karabuły, księdza zagrodzkiego, kułakowskiego, obozowa parzyste (bez nr 2,8,12,16,16a,20,22,22a,24,24abc,38,38a), starca, solvaya, szczerbińskiego, ziobrowskiego, żywiecka od 12",197,50.0129648,19.9103235
197,"borowinowa 77, jeleniogórska, jugowicka parzyste, herberta 8,10,12,14, marcika, modra, myślenicka nieparzyste od 47 do 77, orzechowa, podmokła, sielska, zakopiańska parzyste od 54 do 86 i nieparzyste od 99 do 145, osiedle zaułek jugowicki, zawiła nieparzyste od 1 do 49",198,49.9998381,19.9395338
198,"chmielna nieparzyste, chochołowska, do sanktuarium bożego miłosierdzia, fredry, goslara, harcerska, harcmistrza millana ( bez nr 22), kołodziejska, kurasia, kwietna, lechicka, malutka, motarskiego, myślenicka nieparzyste od 1 do 45 i parzyste od 2 do 32, na grządkach, ogrodniki, pasieczna, pierzchówka parzyste, pocztowa, połomskiego, porucznika wąchały, przykopy nieparzyste od 1 do 7, przy torze, ratajska, siostry faustyny, strumienna nieparzyste i parzyste od 2 do 14, sucha, sowia, sobótka, urocza, włodarska, zakopiańska parzyste od 2 do 52a, żmichowskiej",199,50.0131102,19.9460857
199,"bogdanowicza, borsucza 1, 3, 3a i parzyste od 2 do 8, brożka parzyste, cegielniana nieparzyste od 1 do 45, kędzierzyńska, kołobrzeska, koszalińska, lasek, nowotarska, pienińska, plac łagiewnicki, słupska, szaniawskiego, wałbrzyska, zielonogórska",200,50.0295642,19.9319264
200,"cegielniana parzyste od 2, ciesielska, deotymy, do wilgi, hoffmanowej, oraczy, zakopiańska nieparzyste od 1 do 71",201,50.0287903,19.9352701
201,"borsucza nieparzyste od 5 i parzyste od 10, cegielniana nieparzyste od 47, kusocińskiego, lipińskiego 15, strąkowa, odrzańska",202,50.028653,19.92848
202,"barycka, bednarska, blacharska, gacki, gąsiorowskiego, gruszczyńskiego nieparzyste od 1 do 31 i parzyste od 2 do 42, hallera, harcerzy krakowskich, hoborskiego, kosocicka 73, 75, 75 a, 75 b, 79, 85, 85 a, 85 b, 85 c , nieparzyste od 87 do 105, koszutki, krzemieniecka nieparzyste od 35 i parzyste od 34, lande, niebieska od 11, osterwy nieparzyste od 1 do 19 a, parzyste od 2 do 16, pawłowskiego, sczanieckiej, szczegów, sztaudyngera, żelazowskiego",203,49.989468,20.0063682
203,"berdyczowska, chanieckiej, drużbackiej, geologów, gombrowicza,gruszczyńskiego parzyste od 44 i nieparzyste od 33, jarockiego, jasiukowicza, krzemieniecka nieparzyste od 1 do 33 i parzyste od 2 do 32,kukiełek golkowickich,kuryłowicza nieparzyste od 71 i parzyste od 52, malinowskiego, na obrydki, pajdaka, ratajskiego, schőnborna",204,49.9827758,19.9964488
204,"bełzy, do luboni od 61, droga rokadowa, gdowska, golkowicka, grawerska, kenara nieparzyste od 1 do 35, 35 a, parzyste od 2 do 18, kuryłowicza nieparzyste od 1 do 69, parzyste od 2 do 50, landaua nieparzyste, matematyków krakowskich nieparzyste od 1 do 27,27a, miarowa nieparzyste od 37 i parzyste od 28, na pokusie, nad fosą, orszańska, osterwy nieparzyste od 21 i parzyste od 18, rytownicza, szczawnicka, tuchowska nieparzyste od 39 i parzyste od 44",205,49.9876416,19.9739323
205,"gołąba, lei, matematyków krakowskich parzyste od 26 i nieparzyste od 57, opiala, szarskiego, zbydniowicka",206,49.97531619999999,19.9633967
206,"aleksandrowicza, bogdanowskiego, chałubińskiego nieparzyste od 85 i parzyste od 104, chrzanowskiego, czuchnowskiego, doroszewskiego, dróżka, familijna, gilowa, gościnna, grzepskiego, herbowa, iwaszkiewicza, kenara parzyste od 20 i nieparzyste od 37, koźmiana, krzyżańskiego, księdza kajzera, landaua parzyste, łysogórska, matematyków krakowskich parzyste od 2 do 24, mirtowa, myślenicka nieparzyste od 189 i parzyste od 164, niewodniczańskiego, nowickiego, parafialna, profesora bochnaka, syreńskiego, wróblowicka parzyste od 8 i nieparzyste od 11",207,49.977888,19.9492987
207,"babiego lata, borowinowa (bez 77), chałubińskiego nieparzyste od 1 do 83 i parzyste od 2 do 102, czyrniańskiego, druskiennicka, kąpielowa nieparzyste od 11 i parzyste od 12 ( bez 70), krzyżanowskiego, lasogórska, lusińska, łobodowskiego, moszyńskiego, muszyńskiego, nad wilgą, neussera, piłkarska, pytlasińskiego, rabczańska, sanatoryjna, starowiejska od 12, wczasowa, wypoczynkowa",208,49.9989455,19.9373899
208,"gorczyna, hypty, iwonicka, jar, jelskiego, jeździecka, korczyńskiego, kotowskiego, lecznicza, merkuriusza polskiego, michalika, moczydło, morozewicza, myślenicka nieparzyste od 79 do 187 i parzyste od 62 do 162, nałęczowska, niedźwiedziny, opalińskiego, perłowa, pinocci, podgórki od 26, podhalnie, przyrodnicza, rymanowska, sawiczewskich, siarczanogórska, siarczki, srzednickiego, stawisko, stepowa parzyste od 18 i nieparzyste od 9, szybisko, topiarnia, truskawiecka, uzdrowiskowa, warszewicza, wierchowa, wróblowicka parzyste od 2 do 6 i nieparzyste od 1 do 9, zaruskiego",209,49.9968587,19.9421659
209,"armii kraków, białostocka, bieszczadzka, ciechocińska, ciepła, ciołkosza, goździkowa, horaka, hubalczyków, jasielska, jugowicka nieparzyste, kaliska, kąpielowa nieparzyste od 1 do 9 i parzyste od 2 do 10, kierzkowskiego, kokosowa, kolejarzy, krośnieńska, kustronia, nowodworskiego, owocowa, siarczana, szumca, szyllinga, tulipanowa, zakopiańska parzyste od 88 do 194",210,50.00263409999999,19.9260145
210,"bastionowa, bluszczowa, borkowska, czajkowskiego, czołgistów, dębickiego, fałęcka, janowskiego, kadłubka, kluka, księżycowa, marusarzówny, narvik, nenko, pustynna, siostry zygmunty zimmer, skrzetuskiego, szmaragdowa, wichrowa, zawiła parzyste od 2 do 40, żaków krakowskich",211,50.0004175,19.9119671
211,"amarantowa, banachiewicza, bellerta, boratyńskiego, chęcińska, chojnicka, ciechanowska, czerska, doktora judyma, eibischa, forteczna, gadomskiego, gałęzowskiego, gumowskiego, homolacsa, kępińskiego, kopernickiego, korpala od 21, kostrzewskiego, krzyżtoporska, księdza dercza, księdza mączyńskiego, kwiatowa, łódzka, maklakiewicza, miodońskiego, profesora bartla 19,19a,19b,19c, pronaszków, rabsztyńska, radnickiego, rdzawa, rutkowskiego, tochowicza, umińskiej, wachholza, warowna, welońskiego, zagaje, zakopiańska nieparzyste od 147 do 181 a, b, c, e, zawiszy",212,49.999226,19.9067952
212,"chorzowska, dębskiego, dzikiej róży, inicjatywy lokalnej, księdza maja, kłuszyńska, libertowska nieparzyste od 1 i parzyste od 2 do 6, miejscowa, opatkowicka, petrażyckiego parzyste od 2 do 54 i nieparzyste od 1 do 39 b, poronińska, smoleńskiego, solówki parzyste, starowiejska do 11, taklińskiego, torowa, ważewskiego, zakarczmie, zakopiańska parzyste od 196 i nieparzyste od 183, zembrzycka",213,49.9948201,19.9156634
213,"łużycka nieparzyste od 43 do 53 i 71, 71a,73, 73 a,73 c, podedworze parzyste od 2 do 4",214,50.01357489999999,19.9684269
214,"bochenka, podedworze 6, 6 a, 8, 10, 10 b, 12",215,50.01165049999999,19.9755667
215,"łużycka 55, 57, 63, 65, 67, 67 a, 69",216,50.012723,19.972009
216,"kordiana, tuchowska parzyste od 2 do 34 i nieparzyste od 1 do 27",217,50.00998329999999,19.9633795
217,"błogosławionej franciszki siedliskiej, cechowa nieparzyste od 57 i parzyste od 72, gwarna, kanarkowa, kijanki, , łużycka parzyste od 42 i nieparzyste od 75, nazaretańska, pochyła, podedworze parzyste od 14, rodziny jędów, tuchowska parzyste od 36 do 42 i nieparzyste od 29 do 37, ukośna, urwana, widnokrąg, zimna",218,50.0044183,19.9668246
218,"cechowa nieparzyste od 1 do 55 i parzyste od 2 do 70, grzybowa, łężce, miarowa nieparzyste od 1 do 35 i parzyste od 2 do 16,16a, myślenicka parzyste od 42 do 60, podgórki nieparzyste od 1 do 25 i parzyste od 2 do 22, stepowa nieparzyste od 1 do 7 i parzyste od 2 do 16, stojałowskiego nieparzyste od 33 do 41a, soboniowicka, szarych szeregów, wyrwa, wyżynna, zdrojowa",219,50.00499,19.944709
219,"badurskiego 1, 9, biernata z lublina, błotna, ciasna, czajna, kalinowa, kliniec, kosocicka parzyste od 72, księdza dźwigońskiego, krystyna z ostrowa, łamana, mokra, niebieska nieparzyste od 1 do 9 i parzyste od 2 do 10, obronna od 9, podedworze nieparzyste, podlesie, powały z taczewa, przewiewna, podwórkowa, przy kuźni, rżącka, sadka, słona woda nieparzyste, snozy, sporna, szpakowa, zyndrama z maszkowic",220,50.0119951,19.990671
220,"abrahama nieparzyste, andricia, bławatkowa, buraczana, dauna, gipsowa, górska, heltmana, kadena-bandrowskiego, kamieńskiego od 21, lecha, lisa-kuli, lubuska, łuczników,malborska parzyste od 2 do 52 i nieparzyste od 1 do 63, mieczników, nadzieja, nowosądecka 22, pańska od 1 do 42, pierackiego, siemomysła parzyste, stoigniewa, szukiewicza, tarnowska, uśmiech, wielicka nieparzyste od 105 do 113, 113a, 115, zana",221,50.0334801,19.9677417
221,"albańska nieparzyste od 1 do 5 i parzyste od 2 do 8, gryglewskiego, krawiecka, łabędzia, makowa, malborska nieparzyste od 65 i parzyste od 54 , mochnackiego, pańska od 43, poprzeczna, skowronia, sławka 41, 43, 45, sportowa, generała sułkowskiego, szczęśliwa, szkolna, zabawa, zmartwychwstania pańskiego",222,50.02247089999999,19.966966
222,"andrychowska, gromady grudziąż, karpińskiego, łapanowska, łużycka od 1 do 41c, marcowa, monterska, na łuku, ondraszka, ossowskiego, podgwiezdna, sempołowskiej, sławka 54, 56, 58, 62, turniejowa od 1 do 60, wspólna od 22",223,50.01990900000001,19.9570072
223,"bystra, gminna, jastrzębia, klonowica, kotsisa, kryształowa, pszenna, puszkarska, generała roi, sławka nieparzyste od 1 do 39 i parzyste od 2 do 52, strumienna parzyste od 16, wspólna od 1 do 21, zielona",224,50.0200712,19.9496589
224,heila,225,50.0222638,19.9577246
225,"białoruska 2, 4, 6, 8,8b, 10, czarnogórska 15, serbska 1, 3, włoska 1, 3, 5, 7, 9, 11",226,50.0175649,19.9751913
226,"białoruska 15, 17, 19, lirników, nowosądecka nr 46, 48, 50, 52, 54, 56, 58, 60, 62, 64, 72, 74, 78, 80, 82, poturalskiego, trybuny ludów",227,50.015481,19.968341
227,"czarnogórska 1, 3, 5, 7, 9, 9 b, macedońska 6, serbska 2, 4, 14, włoska 8, 13, 15, 17, 19",228,50.0217955,19.9705561
228,"albańska nieparzyste od 7 i parzyste od 10, algierska, czarnogórska 2, 4, 4 c, 6, 8, estońska 4 i od 6 do 21,40, laszczki, niepokólczyckiego, trawniki, wilgotna, wolności",229,50.0206025,19.9678903
229,"bujaka, chmielna parzyste, daliowa, generała filipowicza, herberta (bez nr 8, 10, 12, 14), łowienicka, myślenicka parzyste od 34 do 40, okopowa, pagórkowa, stojałowskiego 3, 5, 7, storczykowa, żaka",230,50.0098473,19.9518958
230,"porucznika halszki, wysłouchów 3,3a,5",231,50.0098764,19.9486086
231,witosa,232,50.0129348,19.9542726
232,turniejowa nieparzyste od 59 i parzyste od 60 (bez 72),233,50.0105905,19.9604255
233,"wysłouchów nieparzyste od 11 do 43, 47, 49, 49a, 51,51a,53,53a,55, turniejowa 72",234,50.0096841,19.9499208
234,"bojki, wysłouchów 44, 46",235,50.00705749999999,19.9638254
235,wysłouchów parzyste od 16 do 42,236,50.0075774,19.9554902
236,"stojałowskiego 9,11 i nieparzyste od 15 do 29, wysłouchów parzyste od 2 do 14",237,50.0059044,19.9501465
237,gołaśka nieparzyste od 1 do 41,238,50.014789,19.950909
238,"beskidzka parzyste, dobczycka, gołaśka parzyste od 2 do 20, przekątna, sanocka",239,50.0167276,19.9506136
239,"beskidzka nieparzyste, harcmistrza millana nr 22, madera, malwowa, pierzchówka nieparzyste, przykopy 2, 6 i od 11, tarnobrzeska, sas-zubrzyckiego",240,50.0158826,19.9447292
240,"agatowa, ametystowa, domagały, magazynowa 5, nad drwiną, nefrytowa, opalowa, osiedle kolejowe, przełazek, półłanki parzyste od 2 do 74 (bez nr 26), sucharskiego, taborowa, topazowa, złocieniowa",241,50.02078359999999,20.0469294
241,"czarnochowicka, flanka, gerberowa, grzecha, habeli, hiacyntowa, hoyera, jasieńskiego, jędrzejczyka, kameliowa, kokotowska, księdza kusia, kwatery, letnia, mogiłki, ochocza, okręglik, pochwalskiego, potrzask, przebiśniegów, przylaszczki, pruszyńskiego, schulza, stępnia, stolarza, szymkiewicza, tańskiego, wojciecha z brudzewa, zarosie, zarzyckiego",242,50.0111012,20.058091
242,"bierkowskiego, bieżanowska parzyste od 234 do 248, gardowskiego, kiepury, kluszewskiego, kolonijna, korepty od 1 do 22 krzymuskiego, kurpińskiego, księdza prałata łaczka, madejówka, mała góra nieparzyste, małka, nad serafą, na jazkach, nowaka, potrzebowskiego, przecinek, rakuś, rygiera, smolenia, stryjeńskiego, szastera, świdzińskiego, wielicka parzyste od 248,",243,50.00882259999999,20.0259032
243,"bieżanowska parzyste od 250, bogucicka, braci jamków, drożdżowa, jaglarzów, jakubca, kłaka, koprowa, korepty od 23, lipowskiego, pod pomnikiem, księdza popiełuszki, pronia, ślósarczyka, świeża, śliwy, weigla, zamłynie, zolla",244,50.0179796,20.0314009
244,"bieżanowska nieparzyste od 155 i parzyste od 126a do 232, bieżanów blok pkp, bocznica, danalówka bez nr 37, 39, 41, działkowa, imielna, komandora wrońskiego, laskowa, łazy, ogórkowa, półłanki nieparzyste od 1 do 31 e, ripperów, stacyjna",245,50.0218109,20.0117892
245,"barbary (bez 12), duża góra (bez 37, 39, 41), mała góra parzyste od 2 do 8, telimeny od 1 do 4",246,50.01689709999999,20.0246853
246,"telimeny 20, 32 i nieparzyste od 5 do 33 (bez 31) , opty",247,50.0179479,20.0138031
247,"heleny parzyste od 2 do 20, mała góra parzyste od 10 do 14",248,50.01440400000001,20.02363
248,"aleksandry 24, 24 a, 24 b, 24 d, 24 e, 24 g, 24 h, 24 i, 24 j, 24 k, 26, 28, 38 i nieparzyste od 25, heleny parzyste od 22, kaimska, mała góra 32, wielicka parzyste od 230 do 246",249,50.0087766,20.017248
249,mała góra parzyste od 16 (bez nr 32),250,50.0097509,20.020661
250,aleksandry od 1 do 7,251,50.0155074,20.018588
251,"aleksandry od 9 do 23, jerzmanowskiego 31, podłęska",252,50.0132825,20.0175195
252,"ćwiklińskiej, barbary 12, duża góra 37, 39, 41, telimeny 31",253,50.01556189999999,20.0206357
253,lilli wenedy (bez 1),254,50.0199197,20.0061049
254,"jerzmanowskiego parzyste od 2 do 16, lilli wenedy 1",255,50.0189509,20.0084338
255,"jerzmanowskiego parzyste od 18 do 26, teligi parzyste od 30",256,50.0151291,20.0114971
256,"konrada wallenroda, teligi parzyste od 2 do 6 i nieparzyste od 1",257,50.0176956,20.0025027
257,kurczaba nieparzyste,258,50.0133456,20.00577
258,kurczaba parzyste,259,100,100
259,teligi parzyste od 8 do 28,260,50.0159972,20.0042427
260,"jerzmanowskiego parzyste od 28 i nieparzyste 35, 39",261,50.0139405,20.0117453
261,"badurskiego 13, 15, 17, 17a, 19 , jakubowskiego, kostaneckiego, kozietulskiego, medyczna, obronna od 1 do 8, księdza ściegiennego parzyste od 54 i nieparzyste od 43 (bez 57, 69, 71a, 73), wielicka parzyste od 202 do 228 i nieparzyste od 261 do 265, żabia",262,50.0120243,19.9909142
262,"księdza ściegiennego 57, 69, 71a, 73",263,50.0172651,20.0008121
263,"czerwiakowskiego, kosocicka parzyste od 2 do 70 a, nieparzyste od 1 do 71, schweitzera, wielicka nieparzyste od 269",264,50.0076475,20.0120791
264,"jana xxiii, rydygiera, księdza prymasa wyszyńskiego, słona woda parzyste",265,50.0066106,20.0082467
265,"bieżanowska 78, 78 a, 80, 80 a, 82, 82 a, 84,84a, 84 b, 86, 86 b, 88, górników, jesienna, muzyków, nad potokiem, na wrzosach nieparzyste od 55 i parzyste od 52, okocimska, snycerska nieparzyste od 41 i parzyste od 42, księdza ściegiennego nieparzyste od 1 do 41 i parzyste od 2 do 52 a",266,50.023271,19.996267
266,"andrusikiewicza, bielskiego, bieżanowska nieparzyste od 71 do 153 e, parzyste od 60 do 126 h, (bez 78, 78 a, 80, 80 a, 82, 82 a, 84, 86, 88), czechowicza, darasza, dubois, generała jasińskiego (bez 28, 30, 32, 34), gierymskich parzyste, kallimacha, karpacka, legionów, małkowskiego, marzanny, młodzieży, morawiańskiego, podmiłów, smolna, sobesto, solarzy, udzieli, wojnicka",267,50.02291,19.9942235
267,"balickiego, bardowskiego, bieżanowska nieparzyste od 1 do 69 a, parzyste od 2 do 58, braterska, chłopska, gierymskich nieparzyste, kolejowa (bez nr 4a), konwaliowa, mazurska, mierosławskiego, rożena, ruciana, rylskiego, sacharowa, siostrzana, wielicka parzyste od 114 do 158, za lipkami, żurawia",268,50.0264436,19.9861612
268,"generała jasińskiego 28, 30, 32, 34",269,50.0231861,19.9920433
269,"aleja dygasińskiego, gersona, kłodzka, libera, na wrzosach nieparzyste od 1 do 53 i parzyste od 2 do 50, popławskiego wacława, promienna, prosta, smolarzy, snycerska nieparzyste od 1 do 39 i parzyste od 2 do 40, szara, śnieżna, wielicka parzyste od 160 do 200, żniwna",270,50.0214897,19.9877727
270,"czorsztyńska, jarosławska, na kozłówce 5, 13, 15, 17, 19, niedzicka, nowosądecka 5a, profesora seweryna, stattlera, wielicka nieparzyste od 143 do 223, wolska, zieleniec",271,50.0201688,19.9830636
271,"facimiech, okólna parzyste od 20 do 28, polonijna, wielicka nieparzyste od 225 do 259",272,50.01565,19.9886329
272,"na kozłówce 14, 16, 24, 29, 31, 33, 41, wlotowa",273,50.0178587,19.9841081
273,"na kozłówce 12, 12 a, 20, okólna 1, 3, 7, 9, 11, 13",274,50.0177209,19.983369
274,"okólna 2, 4, 5, 6, 8, 10, 12, 14, 16, 18, spółdzielców nieparzyste od 1 do 13",275,50.0181096,19.9825516
275,"na kozłówce 2, 4, 4 a, 7, 8, 9, nowosądecka 1, 3, 5, spółdzielców 2, 4, 6, 8, 10, 12, 15, 15 a,17",276,50.020575,19.9787849
276,"nowosądecka (bez 1, 3, 5) oraz bez (22, 46, 48, 50, 52, 54, 56, 58, 60, 62, 64, 72, 74, 78, 82)",277,50.0160993,19.9740313
277,"gromadzka, heweliusza, koźlarska, krzywda, nowohucka 67, 69, 90, 92 ,92 a, paproci, płaszowska, powstańców wielkopolskich parzyste od 16 i nieparzyste od 11, pułkownika kuklińskiego ,sarmacka, saska nieparzyste, strycharska, stróża rybna, szklarska, wodna parzyste od 12 i nieparzyste od 17",278,50.0392434,19.9773882
278,"koszykarska, nowohucka 13b, 33, 37, 39, 41, 43, 45, 47, 49, 51, 53, księdza turka",279,50.0486631,19.9867413
279,"gumniska, księdza stoszki, lasówka, myśliwska (bez parzystych od 70 do 78), przewóz nieparzyste od 1 do 43, 53, 55 i parzyste od 2 do 36, saska parzyste, szczecińska, szczygla, zadworze",280,50.0479827,19.9913895
280,"lipska nieparzyste, mały płaszów, myśliwska parzyste od 70 do 78",281,50.04049149999999,19.9934377
281,"batki, goszczyńskiego, iłowa, kacza, kolejowa 4a, lipska parzyste, łanowa (bez 39 i 41), rzebika, żołnierska, żeńców, źródlana",282,50.0359202,19.9863244
282,"bagrowa, biskupińska, brandla, danalówka 37, 39, 41, pułkownika dąbka, gliniana, golikówka nieparzyste od 1 do 89 i parzyste od 2 do 36, grochowa , kosiarzy, kozia, motyla, mierzeja wiślana, obrońców modlina, siemienowicza, sudecka, surzyckiego, węglarska",283,50.0346626,19.9999881
283,"agawy, albatrosów, botewa, golikówka nieparzyste od 91 i parzyste od 38, jeżów, kawowa, kormoranów, księdza targosza, półłanki nieparzyste od 33 i parzyste od 78 do108, przy cegielni, rączna nieparzyste od 1 do 25 c, parzyste od 2 do 42, rybitwy, skromna, szparagowa, strażacka",284,50.0413623,20.0225249
284,"bartników, pułkownika barty, bugaj, czeczotta, dymnik, husarska, kminkowa, kotówka, łutnia, osikowa, pod gwiazdami, pod wierzbami, rączna parzyste od 44 i nieparzyste od 27, traczy, tyrczanka, wrobela",285,50.0395254,20.0526038
285,"czackiego, kalwaryjska nieparzyste od 61 i parzyste od 70, konopnickiej parzyste od 38 do 94, mitery, orawska, przedwiośnie, śliska , spiska, szaflarska",286,50.0410177,19.9371109
286,"generała kutrzeby, kalwaryjska nieparzyste od 37 do 59 i parzyste od 40 do 68, krasickiego, smolki od 7",287,50.0409357,19.9410617
287,"długosza, kalwaryjska nieparzyste od 9 do 35 i parzyste od 10 do 38, legionów piłsudskiego parzyste, plac serkowskiego, rejtana, sokolska, władysława warneńczyka",288,50.0428382,19.9420358
288,"czyżówka, krzemionki, podskale, przełęcz, redemptorystów, smolki od 1 do 6, stroma, zamoyskiego od 8",289,50.0362453,19.9470405
289,"brodzińskiego, celna, kalwaryjska od 1 do 8, legionów piłsudskiego nieparzyste, limanowskiego od 1 do 4, plac niepodległości, przy moście, rynek podgórski, staromostowa, zamoyskiego od 1 do 7",290,50.0452035,19.9480806
290,"aleja dembowskiego, aleja powstańców śląskich, kamieńskiego od 1 do 20, kraka, parkowa od 11 , plac lasoty, radosna",291,50.0416705,19.9548806
291,"aleja pod kopcem, kopiec krakusa, lanckorońska, ludowa, maryewskiego, plac przystanek, powstańców wielkopolskich parzyste od 2 do 14 i nieparzyste od 1 do 9, robotnicza, swoszowicka, wapienna, wielicka nieparzyste od 1 do 57 i parzyste od 2 do 70, za torem, zamknięta",292,50.0396144,19.9614743
292,"dąbrówki, janowa wola, kącik, lwowska nieparzyste od 1 do 17, 25 i parzyste od 2 do 8, na zjeździe, plac bohaterów getta, solna, targowa, traugutta",293,50.0460055,19.9569329
293,"dąbrowskiego, hetmańska, józefińska nieparzyste od 43, limanowskiego nieparzyste od 25 i parzyste od 36, lwowska parzyste od 10 do 42 i nieparzyste od 43 do 49, świętej kingi, tarnowskiego",294,50.0446834,19.9596526
294,"czarnieckiego (bez 3), krakusa od 1 do 11, parkowa od 1 do 10a, porucznika stawarza, potebni, rękawka, świętego benedykta, tatrzańska, węgierska nieparzyste od 1 do 9 i parzyste od 2 do 12",295,50.04440349999999,19.9548626
295,"józefińska nieparzyste od 1 do 41 i parzyste od 2, krakusa nieparzyste od 13 i parzyste od 12, limanowskiego nieparzyste od 5 do 23 i parzyste od 6 do 34, nadwiślańska, piwna, węgierska parzyste od 14 i nieparzyste od 11",296,50.0459118,19.9485005
296,"dekerta, herlinga-grudzińskiego, kiełkowskiego, klimeckiego, lipowa, mydlarska, na dołach, niwy, na zakolu wisły, pana tadeusza, portowa, przemysłowa, romanowicza, stoczniowców, ślusarska, wałowa, zabłocie, zaułek",297,50.0476648,19.9673839
297,"abrahama 6, drewniana, dworcowa parzyste, jerozolimska, siemomysła nieparzyste, wielicka nieparzyste od 59 do 95 i 101, wodna parzyste od 2 do 10 i nieparzyste od 1 do 15a",298,50.033116,19.966313
298,"dworcowa nieparzyste, dworzec, prokocimska, wielicka parzyste od 72 do 112",299,50.0337639,19.972529
299,"aleja generała skrzyneckiego, biskupa hodura, bonarka, brożka 1, 3, 85, głogowska, grzybki, kobierzyńska 2,4,4a,6,14, księdza tischnera, łagiewnicka, rydlówka, rzemieślnicza, szafrana, wadowicka",300,50.0338948,19.9349446
300,"aleja pokoju 58, 60,71, 78, 80, 84, 81, 87, 89, 90, centralna (bez 3, 20, 22, 24, 26), kamionka , na łąkach 2, 7 18, 22, nowohucka 1, 3, sołtysowska od 1 do 47 ( bez 13d), woźniców, sikorki",301,50.065663,19.992994
301,"centralna 3, 20, 22, 24, 26, dolna, dolnomłyńska, gałczyńskiego, kwiatów polskich, ławnicza, narciarska, nastrojowa, poleska, strumyk, tabaczna, tuwima",302,50.0688281,20.0125726
302,"aleja jana pawła ii parzyste od 128 do 196, bieńczycka 1, 3,biskupa tomickiego 4,13,13a,17,19 jutrzenka, księdza józefa zastawniaka, śliwkowa, wężyka",303,50.07415289999999,20.007493
303,"bieńczycka 9, 11, 13, 13 a, 13 b, 15, 17, osiedle 2 pułku lotniczego od 1 do 11",304,50.0757258,20.0199265
304,"aleja jana pawła ii 68 a, 72, 78 ,78 a, 80, 82, 84, 84 c,87, 88, 90, 92, 96, 98, 102, 104, 106, 108, 114, 116, 118, 122, 124, 126 , boguszówka, markowskiego 4,6,8,10, osiedle 2 pułku lotniczego od 41 do 51, wysockiej",305,50.0720789,19.998171
305,osiedle 2 pułku lotniczego od 12 do 40,306,50.0765339,20.009752
306,"osiedle dywizjonu 303 od 18 do 44, 68 do 76 (bez 75)",307,50.085259,20.002201
307,osiedle dywizjonu 303 od 45 do 51,308,50.0829079,20.009783
308,"osiedle dywizjonu 303 od 52 do 58,62, 62 a, 63, 64, 67, 75",309,50.081379,20.0120039
309,osiedle dywizjonu 303 od 1 do 10,310,50.0819,20.004628
310,osiedle dywizjonu 303 od 11 do 17,311,50.083715,20.003237
311,"cichociemnych ak, ciepłownicza, cuplowa, do wisły, habina, isep, longinusa podbipięty 1,19,19a,21,21a,64,74,78c,d,e,80b,82b,86 łęgowa, na załęczu, niepokalanej panny marii , niepołomska,odmętowa nr 14,16,96,98 ogłęczyzna, osiedle, plac błonie - beszcz, podleska, sierpowa, siwka, skręcona, stręcka, szafrańska, wiklinowa, zajęcza, zapusta, zatyka ziarkowa 4,8",312,50.0606784,19.9990382
312,"akacjowa 10, 12, cieślewskiego 1,3,5,7,9,13,15,17, osiedle akademickie, skarżyńskiego",313,50.084941,19.9799589
313,osiedle kombatantów od 1 do 15,314,50.091198,20.007942
314,osiedle tysiąclecia od 1 do 14,315,50.0891139,20.0006789
315,osiedle tysiąclecia od 15 do 27,316,50.0911819,20.002035
316,osiedle tysiąclecia od 28 do 56,317,50.0918024,20.0054811
317,"miśnieńska od 72 do 85, osiedle tysiąclecia od 57 do 66,76,78,86",318,50.093712,19.9990968
318,"osiedle oświecenia od 1 do 8, od 14 do 17",319,50.0884914,19.9956936
319,"osiedle oświecenia od 35 do 40, 43, 44, 46,46a,47",320,50.09221489999999,19.99121
320,"osiedle oświecenia od 9 do 13, 33, 33 a",321,50.091307,19.994068
321,osiedle oświecenia od 18 do 27,322,50.0892989,19.993287
322,"aleja generała bora komorowskiego ( bez nr 9a,15,15a,b ), dobrego pasterza 124, kniaźnina 6, 12, krzesławicka 2 a, 2 b, osiedle oświecenia od 28 do 32, 34, 41, 42, 45",323,50.0960709,20.0024937
323,osiedle złotego wieku od 1 do 15,324,50.0818904,20.0251738
324,osiedle złotego wieku od 16 do 32,325,50.0956988,20.0024712
325,osiedle złotego wieku od 33 do 52,326,50.0973509,20.00583
326,osiedle bohaterów września od 57 do 81,327,50.1013949,20.007223
327,"baziaka, budziszyńska, korony polskiej, księdza kuczkowskiego, księdza kurzei, mosdorfa, na zboczu, orła białego, osiedle złotego wieku od 68 do 71 i od 74 do 85, 94, parnickiego, wawelska 8, 10, 12, 14, 16, zawieyskiego, zjazdu gnieźnieńskiego",328,50.09624240000001,19.9886531
328,"osiedle złotego wieku od 53 do 67, wawelska 6",329,50.0983284,19.9975916
329,osiedle bohaterów września od 1 do 5,330,50.0957381,20.0110001
330,osiedle bohaterów września od 6 do 14,331,50.09612079999999,20.0082814
331,osiedle bohaterów września od 26 do 38,332,50.0985155,20.0122971
332,osiedle bohaterów września od 39 do 55,333,50.0989553,20.0100597
333,osiedle bohaterów września od 15 do 25,334,50.098285,20.0101759
334,osiedle piastów od 1 do 11,335,50.095425,20.0142989
335,"osiedle piastów od 12 do 17 a, 29, 34, 34 a, osiedle mistrzejowice 14",336,50.0960619,20.0171462
336,"osiedle piastów od 18 do 28, osiedle mistrzejowice 13",337,50.09807,20.0189339
337,osiedle piastów od 30 do 44 (bez 34 i 34 a),338,50.09978109999999,20.0209776
338,"dmowskiego, do fortu, generała okulickiego 44,60, 66, korfantego, królowej marysieńki, księdza kardynała sapiehy, księdza mazanka, marycjusza, mistrzejowicka, osiedle mistrzejowice od 1 do 53 ( bez nr 13,14)",339,50.0966393,20.0243921
339,"dziekanowicka, osiedle piastów od 45 do 61, powstańców parzyste od 54 do 62a, 64, 121, 123, 125, 125 a, 127, 129",340,50.10706709999999,19.9974682
340,osiedle kościuszkowskie od 1 do 8,341,50.0848282,20.0161328
341,osiedle kościuszkowskie od 9 do 11,342,50.0829978,20.0158521
342,"osiedle na lotnisku 1, 2, 4, 6, od 19 do 21",343,50.0858418,20.0189921
343,"osiedle na lotnisku 3, od 7 do 18 a, króla",344,50.08745529999999,20.0152339
344,osiedle strusia od 1 do 6,345,50.0864669,20.012354
345,"osiedle wysokie od 1 do 22 c, urszulki, złoczowska",346,50.08982719999999,20.0206551
346,osiedle strusia od 7 do 12,347,50.0886044,20.0111556
347,"osiedle strusia od 13 do 20, bogusza",348,50.088227,20.0092966
348,osiedle kalinowe od 1 do 11,349,50.0910903,20.0164079
349,osiedle kalinowe od 12 do 17,350,50.0924533,20.0149837
350,osiedle kalinowe od 18 do 24,351,50.090578,20.01135
351,osiedle niepodległości od 1 do 7,352,50.0827596,20.0226579
352,osiedle niepodległości od 8 do 19,353,50.0805369,20.0221179
353,osiedle albertyńskie od 12 do 21,354,50.0820722,20.0211469
354,"małego księcia, osiedle albertyńskie od 22 do 30",355,50.0816519,20.0182664
355,"osiedle albertyńskie 1, 2 i od 31 do 38",356,50.0796426,20.0191812
356,"osiedle przy arce od 1 do 8, porucznika szczeklika",357,50.08224999999999,20.0256136
357,osiedle przy arce od 9 do 12 i 14,358,50.0835518,20.0277946
358,osiedle przy arce 13 i od 15 do 19,359,50.0826393,20.0307842
359,"osiedle przy arce od 20 do 26, batalionu ""parasol""",360,50.0816583,20.0280984
360,"andersena, bulwarowa nieparzyste, cienista, fatimska, kaczeńcowa, kocmyrzowska 3, 5, 7,7a makuszyńskiego nieparzyste, odmogile, podrzecze od 2 do 28, stadionowa, szybka, wojciechowskiego",361,50.084145,20.0425503
361,"obrońców krzyża 1, osiedle jagiellońskie od 1 do 8, 27, 37, osiedle złota jesień (bez nr 1 ), łopackiego",362,50.0849838,20.0294079
362,"anny jagiellonki, barbary radziwiłłówny, królowej bony, osiedle jagiellońskie od 9 do 26, od 28 do 36",363,50.0884193,20.0251226
363,osiedle kazimierzowskie od 26 do 34,364,50.0861812,20.0218738
364,"osiedle kazimierzowskie od 1 do 15, spytka z melsztyna",365,50.0833276,20.0239854
365,"osiedle kazimierzowskie od 18 do 25, elżbiety łokietkówny",366,50.0860286,20.0236567
366,"kleinera, kocmyrzowska parzyste od 2 do 6, nieparzyste od 9 do 19, krasnowolskiego, lehra-spławińskiego, łempickiego, łowińskiego 1, makuszyńskiego parzyste, polskiego czerwonego krzyża, przebindowskiego, wańkowicza (bez 8, 14, 16, 20, 22), wąwozowa",367,50.0807832,20.0614811
367,"osiedle na wzgórzach od 1 do 10, od 36 do 44, 59",368,50.0924569,20.06004
368,"osiedle na wzgórzach od 11 do 13 a, od 28 do 35",369,50.03579389999999,19.892511
369,osiedle na wzgórzach od 14 do 27,370,50.0359896,19.8908407
370,"darwina 4, kocmyrzowska 8, łowińskiego 3, 4, 5, osiedle na stoku od 1 do 9 i od 35 do 52",371,50.0902338,20.0590936
371,"osiedle na stoku od 10 do 27 (bez 23 a, 24 a)",372,50.0971777,20.0572637
372,"architektów, bacewiczówny, bolesława krzywoustego, bolesława wstydliwego, czerwonego kapturka, groickiego, henryka brodatego, jana kazimierza, jana olbrachta, janczarskiego, jasia i małgosi, jaskra, kazimierza jagiellończyka, kazimierza sprawiedliwego, kisielewskiego, klemensa z ruszczy, kownackiej, leszka białego, leszka czarnego, mortkowicz-olczakowej, petőfiego, piotrusia pana, płomyczka, porazińskiej, przemysława ii, przybosia, rycerska, samozwaniec, stanisława augusta poniatowskiego, wierzynka, władysława iv, władysława jagiełły",373,50.0972762,20.0547126
373,"osiedle na stoku 23 a, 24 a, 27 a, od 28 do 34 a",374,50.096305,20.0535679
374,"birkuta, bożywoja, bukszpanowa, cyprysów, darwina nieparzyste od 1 do 47f, florkowskiego, folwarczna, freege'go, gerlaha, geodetów, głębinowa, grębałowska, jubileuszowa, kamberskiego, kantorowicka nieparzyste od 1 do 105 i parzyste od 4 do 54h, kirchmajera, księdza kaczyńskiego, kocmyrzowska parzyste od 10 i nieparzyste od 21, korohody, luborzycka, łącka, niebyła, obwodowa, płaska, pomykany, pruska, przymiarki, stefczyka, stokowa, studzienna, styczna, sybiraków, twaroga",375,50.10794509999999,20.0804231
375,"blokowa, burzowa, darwina parzyste od 6 i nieparzyste od 49, grzegorza z sanoka, komasy, lubocka, łazowa, łowińskiego 7, 11, 13, 15, łuczanowicka 2, 7, 9, 11, 13, 19, marglowa, mrozowa, niewielka, rowida, wielkich pieców",376,50.088176,20.0737603
376,"betlejemska, braci polskich, bruśnicka, bystronia, glinik, godebskiego, irzykowskiego, jasełkowa, jaskrowa, kalwińska, kulinowskiej, kolędnicza, kosów, księdza figlewicza, lasowisko, łuczanowicka (bez 2, 7, 9, 11, 13, 19), morstina, mycielskiego, organki, orłowskiego, pankiewicza, pasterska, sajakówka, skoczylasa, soczyny, spławy (bez 2), sulisława, trzech króli, uziembły, wadowska, węgrzynowicka, wittiga, wodocza, za ogrodem, zagościniec, zawielgusie, żonkilowa",377,50.104329,20.1114914
377,"jeziorany, kantorowicka parzyste od 58a do 98 i nieparzyste od 111 do 207, morcinka, nad baranówką, stary gościniec, wielkie pola, zakładowa, zesławicka, zakole",378,50.1038373,20.0397756
378,"barwna, dybowskiego, hektary, igołomska od 83 do 105, kościelnicka, kuśnierska, łozińskiego, ostrówka, ostafina, płoszczyny, pod gajem, podbiałowa, pysocice,równa, sawy-calińskiego, stopki, waligórskiego, wiewiórcza, wodzickich, wróżenicka",379,50.1066399,20.1592163
379,osiedle centrum a od 1 do 14,380,50.07194,20.038534
380,osiedle hutnicze (bez nr 5),381,50.0734034,20.0453329
381,osiedle wandy,382,50.0704796,20.048889
382,osiedle ogrodowe,383,50.0711893,20.0449586
383,"cerchów, osiedle młodości od 1 do 15 (bez 9, 10, 11), osiedle na skarpie od 21 do 46, sieroszewskiego 1, 1a, 3",384,50.0684237,20.0466899
384,"biskupa padniewskiego, biskupa tomickiego 3,5,7, osiedle centrum e od 1 do 25",385,50.0670631,20.0294182
385,"osiedle na skarpie od 1 do 20, od 47 do 64, osiedle młodości 9, 10, 11",386,50.06855119999999,20.0452896
386,"osiedle willowe od 1 do 37, plac ożańskiego",387,50.072057,20.0469279
387,osiedle stalowe od 1 do 18,388,50.074345,20.048392
388,osiedle centrum b od 1 do 11,389,50.07281889999999,20.038189
389,osiedle szklane domy,390,50.0752793,20.0441955
390,osiedle słoneczne,391,50.07710059999999,20.0415007
391,"osiedle szkolne od 1 do 5, od 29 do 37",392,50.0752079,20.0474709
392,osiedle szkolne od 6 do 27,393,50.07635,20.046315
393,osiedle zielone od 1 do 28,394,50.1070461,19.9426282
394,"bulwarowa 2, osiedle sportowe ( bez nr 9)",395,50.08269,20.0424419
395,osiedle centrum c,396,50.0736044,20.0362311
396,osiedle zgody,397,50.07630899999999,20.0349934
397,osiedle urocze,398,50.0786526,20.0357781
398,osiedle górali,399,50.0798348,20.0381857
399,osiedle krakowiaków od 1 do 17,400,50.0815731,20.0345131
400,osiedle krakowiaków od 18 do 47,401,50.0833083,20.037537
401,"osiedle teatralne od 1 do 7, od 25 do 33",402,50.07969139999999,20.0286953
402,"osiedle teatralne od 8 do 24, od 34 do 35, ludźmierska",403,50.0781518,20.03122
403,osiedle centrum d,404,50.0726449,20.0346598
404,osiedle handlowe,405,50.0736606,20.030863
405,"osiedle kolorowe od 1 do 15, 17 a",406,50.075261,20.029183
406,osiedle kolorowe od 16 do 47 (bez 17 a),407,50.07355769999999,20.0237921
407,osiedle spółdzielcze,408,50.0769821,20.0272574
408,"bardosa, graniczna, grąby, hutnika, jagienki, jeżynowa, jutrzyńska, kępska, klasztorna, kmicica, kopaniec, kublińskiego, longinusa podbipięty (bez nr 1,19,19a,21,21a,64,74,78c,d,e,80b,82b,86), na niwach, odmętowa ( bez nr 14,16,96.98), opata salwińskiego, podbagnie, powiatowa, ptaszyckiego, samostrzelnika, stare wiślisko, syrachowska, ujastek mogilski, wańkowicza 8, 14, 16, 20, 22, wiśniowieckiego, wojenna, wołodyjowskiego, zagłoby, zakarnie, zbyszka z bogdańca, ziarkowa bez nr 4,8, żaglowa",409,50.0670747,20.0670827
409,"branicka, chałupki, deszczowa, generała karaszewicza-tokarzewskiego (bez 39, 41, 43, 43 a, 45, 46, 48, 50, 52, 54), kąkolowa, kłosowa, łubinowa, plastusia, powojowa, rumiankowa, sasanek, szymańskiego, tatarakowa, truskawkowa, wrzosowa, zaporębie, żółwia",410,50.0580626,20.1275623
410,"barwinkowa, ciekowiec, czeczeńska 7, 9, 11, 13, 15, 27, generała karaszewicza-tokarzewskiego 39, 41, 43, 43 a, 45, 46, 48, 50, 52, 54, igołomska od 35 do 82 b, jeziorko, podstawie, prawocheńskiego, pysońce, rusiecka, rzepakowa, sitowiny, tarasowa, trzcinowa, tymiankowa, ubeliny, narcyza-wiatra, wiatraczna, wyciąska, za górą, ziemska",411,50.07533859999999,20.1536944
411,"bartnicza, betonowa, biwakowa, brzeska, drożyska, flame, jaglana, kontryma, księdza luzara, morgi, nadwodna, plac turzymy, plażowa, pluty-czachowskiego, przylasek, siejówka, szlifierska, wiązowa, zakępie",412,50.0526651,20.1893435
412,"cementowa, dymarek, gwarecka, igołomska od 1 do 34, jezierskiego, karowa, martenowska, młotków, nadbrzezie, nenckiego, ostrów, popielnik, rudni, suchy jar, świętego wincentego, ziemianek",413,50.0759814,20.1154964
449,dom pomocy społecznej kraków os. sportowe 9,450,50.081063,20.045561
450,dom pomocy społecznej os. szkolne 28,451,50.0771356,20.0486372
451,dom pomocy społecznej kraków os. hutnicze 5,452,50.0735059,20.046511
